review_priority,legacy_id,name,library,modality,primary_joint,secondary_joints,pattern,contraindications,legacy_contraindicated_if,canonical_exercise_id,review_status,reviewer,reviewed_at,coach_review_notes
P0_missing_tags,accel_mechanics_linear_lateral,Acceleration Mechanics (Linear & Lateral),external_training,Speed,hip,ankle,accel,,,,unreviewed,,,
P0_missing_tags,accel_positioning,Acceleration Positioning,external_training,Speed,hip,ankle,accel,,,,unreviewed,,,
P0_missing_tags,cond_airbike_intervals,Air Bike Intervals,external_training,Conditioning,hip,knee,cyclic,,,,unreviewed,,,
P0_missing_tags,corr_scap_retraction_protraction,All-Fours Scapular Retraction/Protraction,external_training,Corrective,scapular,shoulder,scap_control,,,,unreviewed,,,
P0_missing_tags,wu_balance_reach,Balance Reach,external_training,Warmup,hip,ankle,balance,,,,unreviewed,,,
P0_missing_tags,wu_balance_reach_t_rotation,Balance Reach with T-Rotation,external_training,Warmup,hip,thoracic | ankle,balance,,,,unreviewed,,,
P0_missing_tags,banded_hip_bridge,Banded Hip Bridge,external_training,Corrective,hip,hamstring,hinge,,,,unreviewed,,,
P0_missing_tags,bench_supported_sl_rdl,Bench-Supported Single Leg RDL,external_training,Strength,hip,hamstring,hinge_unilateral,,,,unreviewed,,,
P0_missing_tags,corr_bird_dog,Bird Dog,external_training,Corrective,lumbar,hip | shoulder,antiextension,,,,unreviewed,,,
P0_missing_tags,training_table_birddog,Bird Dog (Training Table),external_training,Corrective,lumbar,hip | shoulder,antirotation,,,,unreviewed,,,
P0_missing_tags,wu_squats,Bodyweight Squats (warm-up),external_training,Warmup,hip,knee | ankle,squat,,,,unreviewed,,,
P0_missing_tags,car_bottoms_up_carry,Bottoms-Up Kettlebell Carry,external_training,Carry,shoulder,wrist | scapular,carry_overhead,,,,unreviewed,,,
P0_missing_tags,corr_bridge,Bridge (Single & Double Leg),external_training,Corrective,hip,lumbar,hinge,,,,unreviewed,,,
P0_missing_tags,pushh_cable_press,Cable Press (Single or Double Arm),external_training,Strength,shoulder,elbow,press_horiz,,,,unreviewed,,,
P0_missing_tags,pullv_cable_x_pulldown,Cable X Pulldown,external_training,Strength,scapular,shoulder,pull_vert,,,,unreviewed,,,
P0_missing_tags,wu_cariocas,Cariocas,external_training,Warmup,hip,ankle | thoracic,gait,,,,unreviewed,,,
P0_missing_tags,corr_cats_and_cows,Cat and Cow,external_training,Mobility,thoracic,lumbar,spinal,,,,unreviewed,,,
P0_missing_tags,pullh_chest_supported_row,Chest Supported Row,external_training,Strength,scapular,shoulder | elbow,row,,,,unreviewed,,,
P0_missing_tags,ae_dead_bug,Dead Bug,external_training,Core,lumbar,hip | shoulder,antiextension,,,,unreviewed,,,
P0_missing_tags,training_table_deadbug,Deadbug (Training Table),external_training,Core,lumbar,hip | shoulder,antiextension,,,,unreviewed,,,
P0_missing_tags,corr_dirty_dogs,Dirty Dogs (Fire Hydrants),external_training,Corrective,hip,,abduction,,,,unreviewed,,,
P0_missing_tags,double_leg_hip_bridge,Double-Leg Hip Bridge,external_training,Corrective,hip,hamstring | lumbar,hinge,,,,unreviewed,,,
P0_missing_tags,hng_dowel_hinge,Dowel Hip Hinge,external_training,Strength,hip,lumbar,hinge_teach,,,,unreviewed,,,
P0_missing_tags,db_hip_bridge,Dumbbell Hip Bridge,external_training,Strength,hip,hamstring,hinge,,,,unreviewed,,,
P0_missing_tags,db_sl_rdl,Dumbbell Single Leg RDL,external_training,Strength,hip,hamstring,hinge_unilateral,,,,unreviewed,,,
P0_missing_tags,accel_falling_starts,Falling Starts,external_training,Speed,hip,ankle,accel,,,,unreviewed,,,
P0_missing_tags,car_farmer_carry,Farmer Carry,external_training,Carry,hip,scapular | grip,carry_bilateral,,,,unreviewed,,,
P0_missing_tags,cond_farmer_carry_intervals,Farmer Carry Intervals,external_training,Conditioning,hip,scapular | grip,carry,,,,unreviewed,,,
P0_missing_tags,foot_elevated_hip_bridge,Foot-Elevated Hip Bridge,external_training,Strength,hip,hamstring,hinge,,,,unreviewed,,,
P0_missing_tags,foot_elevated_sl_hip_bridge,Foot-Elevated Single-Leg Hip Bridge,external_training,Strength,hip,hamstring,hinge_unilateral,,,,unreviewed,,,
P0_missing_tags,frog_pump,Frog Pump,external_training,Corrective,hip,hamstring,hinge,,,,unreviewed,,,
P0_missing_tags,front_foot_elevated_split_squat,Front Foot Elevated Split Squat,external_training,Strength,hip,knee,squat_split,,,,unreviewed,,,
P0_missing_tags,ae_front_plank,Front Plank,external_training,Core,lumbar,hip | shoulder,antiextension,,,,unreviewed,,,
P0_missing_tags,car_front_rack_carry,Front Rack Carry,external_training,Carry,shoulder,hip | thoracic,carry_frontrack,,,,unreviewed,,,
P0_missing_tags,wu_gate_swings,Gate Swings,external_training,Warmup,hip,ankle,dynamic_mobility,,,,unreviewed,,,
P0_missing_tags,rot_hk_chops,Half Kneeling Chops,external_training,Strength,thoracic,hip | shoulder,chop,,,,unreviewed,,,
P0_missing_tags,rot_hk_lifts,Half Kneeling Lifts,external_training,Strength,thoracic,hip | shoulder,lift,,,,unreviewed,,,
P0_missing_tags,wu_high_knees_linear_lateral,High Knees (linear and lateral),external_training,Plyometric,hip,ankle,gait,,,,unreviewed,,,
P0_missing_tags,corr_hip_flexor_rockers,Hip Flexor Rockers,external_training,Mobility,hip,,rocker,,,,unreviewed,,,
P0_missing_tags,corr_hockey_rockers,Hockey Rockers,external_training,Mobility,hip,ankle,rocker,,,,unreviewed,,,
P0_missing_tags,ae_hollow_hold,Hollow Hold,external_training,Core,lumbar,hip,antiextension,,,,unreviewed,,,
P0_missing_tags,power_horiz_jump_stick,Horizontal Jump and Stick,external_training,Plyometric,hip,ankle | knee,jump,,,,unreviewed,,,
P0_missing_tags,wu_inchworms,Inchworms,external_training,Warmup,hip,shoulder | hamstring,dynamic_mobility,,,,unreviewed,,,
P0_missing_tags,wu_jumping_jacks,Jumping Jacks,external_training,Plyometric,hip,ankle | shoulder,full_body,,,,unreviewed,,,
P0_missing_tags,kb_sl_rdl,Kettlebell Single Leg RDL,external_training,Strength,hip,hamstring,hinge_unilateral,,,,unreviewed,,,
P0_missing_tags,wu_knee_hugs,Knee Hugs,external_training,Warmup,hip,,dynamic_mobility,,,,unreviewed,,,
P0_missing_tags,lm_chest_supported_row,Landmine Chest-Supported Row,external_training,Strength,scapular,shoulder | elbow,row,,,,unreviewed,,,
P0_missing_tags,landmine_sl_rdl,Landmine Single Leg RDL,external_training,Strength,hip,hamstring | lumbar,hinge_unilateral,,,,unreviewed,,,
P0_missing_tags,pullv_lat_pulldown,Lat Pulldown (Close and Wide Grip),external_training,Strength,scapular,shoulder | elbow,pull_vert,,,,unreviewed,,,
P0_missing_tags,power_lat_jump_stick,Lateral Jump and Stick,external_training,Plyometric,hip,ankle | knee,jump,,,,unreviewed,,,
P0_missing_tags,wu_monster_walks,Monster Walks,external_training,Warmup,hip,knee,lateral,,,,unreviewed,,,
P0_missing_tags,corr_on_horse_off_horse,On Horse Off Horse,external_training,Corrective,hip,shoulder,stabilization,,,,unreviewed,,,
P0_missing_tags,rot_pallof_press,Pallof Press (Standing Anti-Rotation),external_training,Core,lumbar,hip | shoulder,antirotation,,,,unreviewed,,,
P0_missing_tags,physioball_circles,Physioball Circles (Plank),external_training,Core,lumbar,shoulder | hip,antirotation,,,,unreviewed,,,
P0_missing_tags,physioball_hamstring_curl,Physioball Hamstring Curl,external_training,Strength,hamstring,hip | knee,hamstring_curl,,,,unreviewed,,,
P0_missing_tags,physioball_saw,Physioball Saw (Plank),external_training,Core,lumbar,shoulder | hip,antiextension,,,,unreviewed,,,
P0_missing_tags,training_table_pilates_rolldown,Pilates Roll-Down (Training Table),external_training,Corrective,lumbar,thoracic | hip,spinal_articulation,,,,unreviewed,,,
P0_missing_tags,wu_pogo_hops,Pogo Hops,external_training,Plyometric,ankle,knee | hip,jump,,,,unreviewed,,,
P0_missing_tags,rot_pulley_bottom_up_horiz_top_down,"Pulley Rotation (Bottom-Up, Horizontal, Top-Down)",external_training,Strength,thoracic,hip,rotation,,,,unreviewed,,,
P0_missing_tags,corr_reach_through_rotate,Reach Through and Rotate (Thread the Needle),external_training,Mobility,thoracic,shoulder,rotation,,,,unreviewed,,,
P0_missing_tags,power_reactive_multi_vert,Reactive Vertical Jumps (Multiple),external_training,Plyometric,hip,ankle | knee,jump,,,,unreviewed,,,
P0_missing_tags,corr_rock_and_reach,Rock and Reach,external_training,Warmup,hip,shoulder | thoracic,dynamic_mobility,,,,unreviewed,,,
P0_missing_tags,cond_row_intervals,Rower Intervals,external_training,Conditioning,hip,scapular | lumbar,cyclic,,,,unreviewed,,,
P0_missing_tags,wu_seal_jacks,Seal Jacks,external_training,Plyometric,shoulder,hip | ankle,full_body,,,,unreviewed,,,
P0_missing_tags,wu_shuffles,Shuffles,external_training,Warmup,hip,ankle | knee,lateral,,,,unreviewed,,,
P0_missing_tags,alf_side_plank,Side Plank,external_training,Core,lumbar,hip | shoulder,antilateral,,,,unreviewed,,,
P0_missing_tags,alf_side_plank_leg_lift,Side Plank with Top Leg Lift,external_training,Core,lumbar,hip,antilateral,,,,unreviewed,,,
P0_missing_tags,pullv_sa_pulldown,Single Arm Cable Pulldown,external_training,Strength,scapular,shoulder,pull_vert,,,,unreviewed,,,
P0_missing_tags,pullh_sa_db_row,Single Arm Dumbbell Row,external_training,Strength,scapular,shoulder | elbow,row,,,,unreviewed,,,
P0_missing_tags,corr_sl_hockey_rockers,Single Leg Hockey Rockers,external_training,Mobility,hip,ankle,rocker,,,,unreviewed,,,
P0_missing_tags,single_leg_hip_bridge,Single-Leg Hip Bridge,external_training,Strength,hip,hamstring,hinge_unilateral,,,,unreviewed,,,
P0_missing_tags,wu_skips_linear_lateral,Skips (linear and lateral),external_training,Plyometric,ankle,hip | knee,gait,,,,unreviewed,,,
P0_missing_tags,cond_sled_drag,Sled Drag (Forward or Backward),external_training,Conditioning,hip,ankle | knee,pull,,,,unreviewed,,,
P0_missing_tags,cond_sled_push,Sled Push,external_training,Conditioning,hip,ankle | knee,push,,,,unreviewed,,,
P0_missing_tags,slide_hamstring_curls,Slide Board Hamstring Curls,external_training,Strength,hamstring,hip | knee,hamstring_curl,,,,unreviewed,,,
P0_missing_tags,slide_lateral_lunge,Slide Board Lateral Lunge,external_training,Strength,hip,knee | ankle,lunge_lateral,,,,unreviewed,,,
P0_missing_tags,rot_standing_cable_core_rotation,Standing Cable Core Rotation,external_training,Strength,thoracic,hip,rotation,,,,unreviewed,,,
P0_missing_tags,rot_standing_chops,Standing Chops,external_training,Strength,thoracic,hip | shoulder,chop,,,,unreviewed,,,
P0_missing_tags,rot_standing_lifts,Standing Lifts,external_training,Strength,thoracic,hip | shoulder,lift,,,,unreviewed,,,
P0_missing_tags,accel_starts_from_positions,Starts from Different Positions,external_training,Speed,hip,ankle,accel,,,,unreviewed,,,
P0_missing_tags,step_up,Step Up,external_training,Strength,hip,knee | ankle,squat_unilateral,,,,unreviewed,,,
P0_missing_tags,accel_stops_half_speed,Stops at Half Speed,external_training,Speed,hip,knee,decel,,,,unreviewed,,,
P0_missing_tags,corr_straight_leg_lowers,Straight Leg Lowers,external_training,Core,lumbar,hip,antiextension,,,,unreviewed,,,
P0_missing_tags,corr_straight_leg_raises,Straight Leg Raises,external_training,Core,hip,lumbar,antiextension,,,,unreviewed,,,
P0_missing_tags,car_suitcase_carry,Suitcase Carry,external_training,Carry,lumbar,hip | scapular,carry_unilateral,,,,unreviewed,,,
P0_missing_tags,alf_suitcase_march,Suitcase March,external_training,Core,lumbar,hip,antilateral,,,,unreviewed,,,
P0_missing_tags,rot_tk_chops,Tall Kneeling Chops,external_training,Strength,thoracic,shoulder,chop,,,,unreviewed,,,
P0_missing_tags,rot_tk_lifts,Tall Kneeling Lifts,external_training,Strength,thoracic,shoulder,lift,,,,unreviewed,,,
P0_missing_tags,trx_assisted_split_squat,TRX Assisted Split Squat,external_training,Strength,hip,knee,squat_split,,,,unreviewed,,,
P0_missing_tags,trx_bodyweight_sl_rdl,TRX Bodyweight Single Leg RDL,external_training,Strength,hip,hamstring,hinge_unilateral,,,,unreviewed,,,
P0_missing_tags,trx_double_leg_hinge,TRX Double-Leg Hinge,external_training,Strength,hip,hamstring | lumbar,hinge_teach,,,,unreviewed,,,
P0_missing_tags,pullh_trx_row,TRX Row,external_training,Strength,scapular,shoulder | elbow,row,,,,unreviewed,,,
P0_missing_tags,trx_split_stance_hinge,TRX Split-Stance Hinge,external_training,Strength,hip,hamstring,hinge_unilateral,,,,unreviewed,,,
P0_missing_tags,power_vert_jump_stick,Vertical Jump and Stick,external_training,Plyometric,hip,ankle | knee,jump,,,,unreviewed,,,
P0_missing_tags,accel_wall_drill,Wall Drill,external_training,Speed,hip,ankle,accel,,,,unreviewed,,,
P0_missing_tags,ae_front_plank_weighted,Weighted Front Plank,external_training,Core,lumbar,hip | shoulder,antiextension,,,,unreviewed,,,
P1_verify_existing_tags,base_pos_90_90,90/90,base_positions,BASE POSITION,,,,Acute knee pain or recent knee surgery (position loads both knees end-range) | Acute hip labral flare (position compresses the hip capsule) | Acute low back pain with radicular symptoms | Meniscus flare on either knee | Post-surgical hip (ask clinician),,,unreviewed,,,
P1_verify_existing_tags,base_pos_bear_sit,Bear Sit,base_positions,BASE POSITION,,,,Acute knee pain | Recent knee surgery | Acute low back pain (if flexion intolerant) | Acute hip flare,,,unreviewed,,,
P1_verify_existing_tags,base_pos_butterfly,Butterfly,base_positions,BASE POSITION,,,,Acute knee pain (butterfly loads the medial knee) | Acute hip flare | Adductor strain acute phase | Recent knee surgery,,,unreviewed,,,
P1_verify_existing_tags,base_pos_cossack,Cossack,base_positions,BASE POSITION,,,,Acute adductor strain | Acute knee pain | Recent knee surgery | Acute hip flare,,,unreviewed,,,
P1_verify_existing_tags,base_pos_couch_stretch,Couch Stretch,base_positions,BASE POSITION,,,,Acute knee pain (especially back knee - deep flexion) | Recent knee surgery | Acute hip flexor strain | Quad strain,,,unreviewed,,,
P1_verify_existing_tags,base_pos_deep_squat,Deep Squat (Passive Hold),base_positions,BASE POSITION,,,,Acute knee pain (deep squat loads knee heavily) | Recent knee surgery | Meniscus flare | Acute hip labral flare | Acute low back pain (especially flexion-related),,,unreviewed,,,
P1_verify_existing_tags,base_pos_half_kneeling,Half-Kneeling,base_positions,BASE POSITION,,,,Acute knee pain (back knee specifically) | Acute hip flexor strain | Recent knee surgery | Front ankle acute injury,,,unreviewed,,,
P1_verify_existing_tags,base_pos_long_sit,Long Sit,base_positions,BASE POSITION,,,,Acute hamstring strain | Acute low back pain (particularly disc-related flexion-intolerant) | Recent knee surgery preventing full extension,,,unreviewed,,,
P1_verify_existing_tags,base_pos_number_4,Number 4 (Figure 4),base_positions,BASE POSITION,,,,"Acute knee pain on the crossed leg side | Acute hip labral flare | SI joint acute irritation | Piriformis syndrome acute phase (paradoxically - figure 4 often prescribed for this, but acute flare should be avoided)",,,unreviewed,,,
P1_verify_existing_tags,base_pos_pigeon,Pigeon,base_positions,BASE POSITION,,,,Acute knee pain - especially medial knee (pigeon loads the inside of the front knee) | Meniscus flare - pigeon compresses the knee joint | Acute hip labral flare (anterior impingement common in this position) | SI joint irritation acute phase | Total knee replacement early phase,,,unreviewed,,,
P1_verify_existing_tags,base_pos_prone,Prone,base_positions,BASE POSITION,,,,Pregnancy 2nd/3rd trimester | Acute extension-intolerant low back (avoid press-ups) | Acute cervical issues (avoid prolonged forehead on floor),,,unreviewed,,,
P1_verify_existing_tags,base_pos_quadruped,Quadruped,base_positions,BASE POSITION,,,,Acute wrist pain | Acute knee pain | Acute shoulder pain | Pregnancy later stages (position gets harder but not contraindicated),,,unreviewed,,,
P1_verify_existing_tags,base_pos_runners_lunge,Runner's Lunge,base_positions,BASE POSITION,,,,Acute knee pain | Recent knee surgery | Acute hip flexor strain | Acute hamstring strain,,,unreviewed,,,
P1_verify_existing_tags,base_pos_side_lying,Side-Lying,base_positions,BASE POSITION,,,,"Acute shoulder pain (bottom shoulder) | Rib or chest wall pain | Pregnancy (side-lying is generally recommended, but check)",,,unreviewed,,,
P1_verify_existing_tags,base_pos_standing,Standing,base_positions,BASE POSITION,,,,Acute vertigo / vestibular issues (avoid unsupported standing CARs) | Active syncope / orthostatic hypotension issues,,,unreviewed,,,
P1_verify_existing_tags,base_pos_straddle,Straddle,base_positions,BASE POSITION,,,,Acute adductor strain | Acute knee pain (especially medial) | Acute hamstring strain | Acute low back pain (flexion intolerant),,,unreviewed,,,
P1_verify_existing_tags,base_pos_supine,Supine,base_positions,BASE POSITION,,,,Pregnancy 2nd/3rd trimester (avoid prolonged supine) | Acute severe reflux (not supine for any duration) | Post-surgical recent abdominal (check clinician),,,unreviewed,,,
P1_verify_existing_tags,base_pos_tall_kneeling,Tall Kneeling,base_positions,BASE POSITION,,,,Acute knee pain | Recent knee surgery | Toe or forefoot acute injury (if toes tucked) | Meniscus flare,,,unreviewed,,,
P1_verify_existing_tags,ankle_car_half_kneeling_l6,Ankle CAR LVI - Movement Focus - Half Kneeling,cars,LVI,ankle,,,acute_ankle_pain | recent_ankle_sprain_acute | post_surgical_ankle,,,unreviewed,,,
P1_verify_existing_tags,ankle_car_seated_l6,Ankle CAR LVI - Movement Focus - Seated,cars,LVI,ankle,,,acute_ankle_pain | recent_ankle_sprain_acute | post_surgical_ankle,,,unreviewed,,,
P1_verify_existing_tags,ankle_car_single_leg_standing_l6,Ankle CAR LVI - Movement Focus - Single Leg Standing,cars,LVI,ankle,,,acute_ankle_pain | recent_ankle_sprain_acute | post_surgical_ankle,,,unreviewed,,,
P1_verify_existing_tags,ankle_car_standing_l6,Ankle CAR LVI - Movement Focus - Standing,cars,LVI,ankle,,,acute_ankle_pain | recent_ankle_sprain_acute | post_surgical_ankle,,,unreviewed,,,
P1_verify_existing_tags,ankle_car_half_kneeling_l7,Ankle CAR LVII - Articular Focus - Half Kneeling,cars,LVII,ankle,,,acute_ankle_pain | recent_ankle_sprain_acute | post_surgical_ankle,,,unreviewed,,,
P1_verify_existing_tags,ankle_car_seated_l7,Ankle CAR LVII - Articular Focus - Seated,cars,LVII,ankle,,,acute_ankle_pain | recent_ankle_sprain_acute | post_surgical_ankle,,,unreviewed,,,
P1_verify_existing_tags,ankle_car_single_leg_standing_l7,Ankle CAR LVII - Articular Focus - Single Leg Standing,cars,LVII,ankle,,,acute_ankle_pain | recent_ankle_sprain_acute | post_surgical_ankle,,,unreviewed,,,
P1_verify_existing_tags,ankle_car_standing_l7,Ankle CAR LVII - Articular Focus - Standing,cars,LVII,ankle,,,acute_ankle_pain | recent_ankle_sprain_acute | post_surgical_ankle,,,unreviewed,,,
P1_verify_existing_tags,ankle_car_half_kneeling_l8,Ankle CAR LVIII - Capacity Focus - Half Kneeling,cars,LVIII,ankle,,,acute_ankle_pain | recent_ankle_sprain_acute | post_surgical_ankle,,,unreviewed,,,
P1_verify_existing_tags,ankle_car_seated_l8,Ankle CAR LVIII - Capacity Focus - Seated,cars,LVIII,ankle,,,acute_ankle_pain | recent_ankle_sprain_acute | post_surgical_ankle,,,unreviewed,,,
P1_verify_existing_tags,ankle_car_single_leg_standing_l8,Ankle CAR LVIII - Capacity Focus - Single Leg Standing,cars,LVIII,ankle,,,acute_ankle_pain | recent_ankle_sprain_acute | post_surgical_ankle,,,unreviewed,,,
P1_verify_existing_tags,ankle_car_standing_l8,Ankle CAR LVIII - Capacity Focus - Standing,cars,LVIII,ankle,,,acute_ankle_pain | recent_ankle_sprain_acute | post_surgical_ankle,,,unreviewed,,,
P1_verify_existing_tags,cervical_car_quadruped_l6,Cervical CAR LVI - Movement Focus - Quadruped,cars,LVI,cervical,,,acute_neck_pain | radicular_symptoms | vestibular_issues | recent_cervical_injury,,,unreviewed,,,
P1_verify_existing_tags,cervical_car_seated_tall_l6,Cervical CAR LVI - Movement Focus - Seated Tall,cars,LVI,cervical,,,acute_neck_pain | radicular_symptoms | vestibular_issues | recent_cervical_injury,,,unreviewed,,,
P1_verify_existing_tags,cervical_car_standing_tall_l6,Cervical CAR LVI - Movement Focus - Standing Tall,cars,LVI,cervical,,,acute_neck_pain | radicular_symptoms | vestibular_issues | recent_cervical_injury,,,unreviewed,,,
P1_verify_existing_tags,cervical_car_supine_l6,Cervical CAR LVI - Movement Focus - Supine,cars,LVI,cervical,,,acute_neck_pain | radicular_symptoms | vestibular_issues | recent_cervical_injury,,,unreviewed,,,
P1_verify_existing_tags,cervical_car_quadruped_l7,Cervical CAR LVII - Articular Focus - Quadruped,cars,LVII,cervical,,,acute_neck_pain | radicular_symptoms | vestibular_issues | recent_cervical_injury,,,unreviewed,,,
P1_verify_existing_tags,cervical_car_seated_tall_l7,Cervical CAR LVII - Articular Focus - Seated Tall,cars,LVII,cervical,,,acute_neck_pain | radicular_symptoms | vestibular_issues | recent_cervical_injury,,,unreviewed,,,
P1_verify_existing_tags,cervical_car_standing_tall_l7,Cervical CAR LVII - Articular Focus - Standing Tall,cars,LVII,cervical,,,acute_neck_pain | radicular_symptoms | vestibular_issues | recent_cervical_injury,,,unreviewed,,,
P1_verify_existing_tags,cervical_car_supine_l7,Cervical CAR LVII - Articular Focus - Supine,cars,LVII,cervical,,,acute_neck_pain | radicular_symptoms | vestibular_issues | recent_cervical_injury,,,unreviewed,,,
P1_verify_existing_tags,cervical_car_quadruped_l8,Cervical CAR LVIII - Capacity Focus - Quadruped,cars,LVIII,cervical,,,acute_neck_pain | radicular_symptoms | vestibular_issues | recent_cervical_injury,,,unreviewed,,,
P1_verify_existing_tags,cervical_car_seated_tall_l8,Cervical CAR LVIII - Capacity Focus - Seated Tall,cars,LVIII,cervical,,,acute_neck_pain | radicular_symptoms | vestibular_issues | recent_cervical_injury,,,unreviewed,,,
P1_verify_existing_tags,cervical_car_standing_tall_l8,Cervical CAR LVIII - Capacity Focus - Standing Tall,cars,LVIII,cervical,,,acute_neck_pain | radicular_symptoms | vestibular_issues | recent_cervical_injury,,,unreviewed,,,
P1_verify_existing_tags,cervical_car_supine_l8,Cervical CAR LVIII - Capacity Focus - Supine,cars,LVIII,cervical,,,acute_neck_pain | radicular_symptoms | vestibular_issues | recent_cervical_injury,,,unreviewed,,,
P1_verify_existing_tags,elbow_car_quadruped_loaded_l6,Elbow CAR LVI - Movement Focus - Quadruped Loaded,cars,LVI,elbow,,,acute_elbow_pain | recent_elbow_injury,,,unreviewed,,,
P1_verify_existing_tags,elbow_car_seated_l6,Elbow CAR LVI - Movement Focus - Seated,cars,LVI,elbow,,,acute_elbow_pain | recent_elbow_injury,,,unreviewed,,,
P1_verify_existing_tags,elbow_car_standing_l6,Elbow CAR LVI - Movement Focus - Standing,cars,LVI,elbow,,,acute_elbow_pain | recent_elbow_injury,,,unreviewed,,,
P1_verify_existing_tags,elbow_car_tall_kneeling_l6,Elbow CAR LVI - Movement Focus - Tall Kneeling,cars,LVI,elbow,,,acute_elbow_pain | recent_elbow_injury,,,unreviewed,,,
P1_verify_existing_tags,elbow_car_quadruped_loaded_l7,Elbow CAR LVII - Articular Focus - Quadruped Loaded,cars,LVII,elbow,,,acute_elbow_pain | recent_elbow_injury,,,unreviewed,,,
P1_verify_existing_tags,elbow_car_seated_l7,Elbow CAR LVII - Articular Focus - Seated,cars,LVII,elbow,,,acute_elbow_pain | recent_elbow_injury,,,unreviewed,,,
P1_verify_existing_tags,elbow_car_standing_l7,Elbow CAR LVII - Articular Focus - Standing,cars,LVII,elbow,,,acute_elbow_pain | recent_elbow_injury,,,unreviewed,,,
P1_verify_existing_tags,elbow_car_tall_kneeling_l7,Elbow CAR LVII - Articular Focus - Tall Kneeling,cars,LVII,elbow,,,acute_elbow_pain | recent_elbow_injury,,,unreviewed,,,
P1_verify_existing_tags,elbow_car_quadruped_loaded_l8,Elbow CAR LVIII - Capacity Focus - Quadruped Loaded,cars,LVIII,elbow,,,acute_elbow_pain | recent_elbow_injury,,,unreviewed,,,
P1_verify_existing_tags,elbow_car_seated_l8,Elbow CAR LVIII - Capacity Focus - Seated,cars,LVIII,elbow,,,acute_elbow_pain | recent_elbow_injury,,,unreviewed,,,
P1_verify_existing_tags,elbow_car_standing_l8,Elbow CAR LVIII - Capacity Focus - Standing,cars,LVIII,elbow,,,acute_elbow_pain | recent_elbow_injury,,,unreviewed,,,
P1_verify_existing_tags,elbow_car_tall_kneeling_l8,Elbow CAR LVIII - Capacity Focus - Tall Kneeling,cars,LVIII,elbow,,,acute_elbow_pain | recent_elbow_injury,,,unreviewed,,,
P1_verify_existing_tags,hip_car_half_kneeling_l6,Hip CAR LVI - Movement Focus - Half Kneeling,cars,LVI,hip,,,acute_hip_pain | recent_hip_surgery | labral_flare,,,unreviewed,,,
P1_verify_existing_tags,hip_car_quadruped_fire_hydrant_l6,Hip CAR LVI - Movement Focus - Quadruped Fire Hydrant,cars,LVI,hip,,,acute_hip_pain | recent_hip_surgery | labral_flare,,,unreviewed,,,
P1_verify_existing_tags,hip_car_seated_90_90_l6,Hip CAR LVI - Movement Focus - Seated 90 90,cars,LVI,hip,,,acute_hip_pain | recent_hip_surgery | labral_flare,,,unreviewed,,,
P1_verify_existing_tags,hip_car_side_lying_l6,Hip CAR LVI - Movement Focus - Side Lying,cars,LVI,hip,,,acute_hip_pain | recent_hip_surgery | labral_flare,,,unreviewed,,,
P1_verify_existing_tags,hip_car_standing_l6,Hip CAR LVI - Movement Focus - Standing,cars,LVI,hip,,,acute_hip_pain | recent_hip_surgery | labral_flare,,,unreviewed,,,
P1_verify_existing_tags,hip_car_half_kneeling_l7,Hip CAR LVII - Articular Focus - Half Kneeling,cars,LVII,hip,,,acute_hip_pain | recent_hip_surgery | labral_flare,,,unreviewed,,,
P1_verify_existing_tags,hip_car_quadruped_fire_hydrant_l7,Hip CAR LVII - Articular Focus - Quadruped Fire Hydrant,cars,LVII,hip,,,acute_hip_pain | recent_hip_surgery | labral_flare,,,unreviewed,,,
P1_verify_existing_tags,hip_car_seated_90_90_l7,Hip CAR LVII - Articular Focus - Seated 90 90,cars,LVII,hip,,,acute_hip_pain | recent_hip_surgery | labral_flare,,,unreviewed,,,
P1_verify_existing_tags,hip_car_side_lying_l7,Hip CAR LVII - Articular Focus - Side Lying,cars,LVII,hip,,,acute_hip_pain | recent_hip_surgery | labral_flare,,,unreviewed,,,
P1_verify_existing_tags,hip_car_standing_l7,Hip CAR LVII - Articular Focus - Standing,cars,LVII,hip,,,acute_hip_pain | recent_hip_surgery | labral_flare,,,unreviewed,,,
P1_verify_existing_tags,hip_car_half_kneeling_l8,Hip CAR LVIII - Capacity Focus - Half Kneeling,cars,LVIII,hip,,,acute_hip_pain | recent_hip_surgery | labral_flare,,,unreviewed,,,
P1_verify_existing_tags,hip_car_quadruped_fire_hydrant_l8,Hip CAR LVIII - Capacity Focus - Quadruped Fire Hydrant,cars,LVIII,hip,,,acute_hip_pain | recent_hip_surgery | labral_flare,,,unreviewed,,,
P1_verify_existing_tags,hip_car_seated_90_90_l8,Hip CAR LVIII - Capacity Focus - Seated 90 90,cars,LVIII,hip,,,acute_hip_pain | recent_hip_surgery | labral_flare,,,unreviewed,,,
P1_verify_existing_tags,hip_car_side_lying_l8,Hip CAR LVIII - Capacity Focus - Side Lying,cars,LVIII,hip,,,acute_hip_pain | recent_hip_surgery | labral_flare,,,unreviewed,,,
P1_verify_existing_tags,hip_car_standing_l8,Hip CAR LVIII - Capacity Focus - Standing,cars,LVIII,hip,,,acute_hip_pain | recent_hip_surgery | labral_flare,,,unreviewed,,,
P1_verify_existing_tags,knee_car_quadruped_l6,Knee CAR LVI - Movement Focus - Quadruped,cars,LVI,knee,,,acute_knee_pain | recent_knee_surgery | meniscus_flare | patellofemoral_pain_flare,,,unreviewed,,,
P1_verify_existing_tags,knee_car_seated_box_l6,Knee CAR LVI - Movement Focus - Seated Box,cars,LVI,knee,,,acute_knee_pain | recent_knee_surgery | meniscus_flare | patellofemoral_pain_flare,,,unreviewed,,,
P1_verify_existing_tags,knee_car_standing_l6,Knee CAR LVI - Movement Focus - Standing,cars,LVI,knee,,,acute_knee_pain | recent_knee_surgery | meniscus_flare | patellofemoral_pain_flare,,,unreviewed,,,
P1_verify_existing_tags,knee_car_supine_l6,Knee CAR LVI - Movement Focus - Supine,cars,LVI,knee,,,acute_knee_pain | recent_knee_surgery | meniscus_flare | patellofemoral_pain_flare,,,unreviewed,,,
P1_verify_existing_tags,knee_car_quadruped_l7,Knee CAR LVII - Articular Focus - Quadruped,cars,LVII,knee,,,acute_knee_pain | recent_knee_surgery | meniscus_flare | patellofemoral_pain_flare,,,unreviewed,,,
P1_verify_existing_tags,knee_car_seated_box_l7,Knee CAR LVII - Articular Focus - Seated Box,cars,LVII,knee,,,acute_knee_pain | recent_knee_surgery | meniscus_flare | patellofemoral_pain_flare,,,unreviewed,,,
P1_verify_existing_tags,knee_car_standing_l7,Knee CAR LVII - Articular Focus - Standing,cars,LVII,knee,,,acute_knee_pain | recent_knee_surgery | meniscus_flare | patellofemoral_pain_flare,,,unreviewed,,,
P1_verify_existing_tags,knee_car_supine_l7,Knee CAR LVII - Articular Focus - Supine,cars,LVII,knee,,,acute_knee_pain | recent_knee_surgery | meniscus_flare | patellofemoral_pain_flare,,,unreviewed,,,
P1_verify_existing_tags,knee_car_quadruped_l8,Knee CAR LVIII - Capacity Focus - Quadruped,cars,LVIII,knee,,,acute_knee_pain | recent_knee_surgery | meniscus_flare | patellofemoral_pain_flare,,,unreviewed,,,
P1_verify_existing_tags,knee_car_seated_box_l8,Knee CAR LVIII - Capacity Focus - Seated Box,cars,LVIII,knee,,,acute_knee_pain | recent_knee_surgery | meniscus_flare | patellofemoral_pain_flare,,,unreviewed,,,
P1_verify_existing_tags,knee_car_standing_l8,Knee CAR LVIII - Capacity Focus - Standing,cars,LVIII,knee,,,acute_knee_pain | recent_knee_surgery | meniscus_flare | patellofemoral_pain_flare,,,unreviewed,,,
P1_verify_existing_tags,knee_car_supine_l8,Knee CAR LVIII - Capacity Focus - Supine,cars,LVIII,knee,,,acute_knee_pain | recent_knee_surgery | meniscus_flare | patellofemoral_pain_flare,,,unreviewed,,,
P1_verify_existing_tags,lumbar_car_quadruped_l6,Lumbar CAR LVI - Movement Focus - Quadruped,cars,LVI,lumbar,,,acute_low_back_pain | disc_herniation_flare | spondylolisthesis_symptomatic,,,unreviewed,,,
P1_verify_existing_tags,lumbar_car_seated_tall_l6,Lumbar CAR LVI - Movement Focus - Seated Tall,cars,LVI,lumbar,,,acute_low_back_pain | disc_herniation_flare | spondylolisthesis_symptomatic,,,unreviewed,,,
P1_verify_existing_tags,lumbar_car_side_lying_l6,Lumbar CAR LVI - Movement Focus - Side Lying,cars,LVI,lumbar,,,acute_low_back_pain | disc_herniation_flare | spondylolisthesis_symptomatic,,,unreviewed,,,
P1_verify_existing_tags,lumbar_car_standing_l6,Lumbar CAR LVI - Movement Focus - Standing,cars,LVI,lumbar,,,acute_low_back_pain | disc_herniation_flare | spondylolisthesis_symptomatic,,,unreviewed,,,
P1_verify_existing_tags,lumbar_car_quadruped_l7,Lumbar CAR LVII - Articular Focus - Quadruped,cars,LVII,lumbar,,,acute_low_back_pain | disc_herniation_flare | spondylolisthesis_symptomatic,,,unreviewed,,,
P1_verify_existing_tags,lumbar_car_seated_tall_l7,Lumbar CAR LVII - Articular Focus - Seated Tall,cars,LVII,lumbar,,,acute_low_back_pain | disc_herniation_flare | spondylolisthesis_symptomatic,,,unreviewed,,,
P1_verify_existing_tags,lumbar_car_side_lying_l7,Lumbar CAR LVII - Articular Focus - Side Lying,cars,LVII,lumbar,,,acute_low_back_pain | disc_herniation_flare | spondylolisthesis_symptomatic,,,unreviewed,,,
P1_verify_existing_tags,lumbar_car_standing_l7,Lumbar CAR LVII - Articular Focus - Standing,cars,LVII,lumbar,,,acute_low_back_pain | disc_herniation_flare | spondylolisthesis_symptomatic,,,unreviewed,,,
P1_verify_existing_tags,lumbar_car_quadruped_l8,Lumbar CAR LVIII - Capacity Focus - Quadruped,cars,LVIII,lumbar,,,acute_low_back_pain | disc_herniation_flare | spondylolisthesis_symptomatic,,,unreviewed,,,
P1_verify_existing_tags,lumbar_car_seated_tall_l8,Lumbar CAR LVIII - Capacity Focus - Seated Tall,cars,LVIII,lumbar,,,acute_low_back_pain | disc_herniation_flare | spondylolisthesis_symptomatic,,,unreviewed,,,
P1_verify_existing_tags,lumbar_car_side_lying_l8,Lumbar CAR LVIII - Capacity Focus - Side Lying,cars,LVIII,lumbar,,,acute_low_back_pain | disc_herniation_flare | spondylolisthesis_symptomatic,,,unreviewed,,,
P1_verify_existing_tags,lumbar_car_standing_l8,Lumbar CAR LVIII - Capacity Focus - Standing,cars,LVIII,lumbar,,,acute_low_back_pain | disc_herniation_flare | spondylolisthesis_symptomatic,,,unreviewed,,,
P1_verify_existing_tags,scapular_car_hanging_l6,Scapular CAR LVI - Movement Focus - Hanging,cars,LVI,scapular,,,acute_neck_pain | acute_shoulder_pain,,,unreviewed,,,
P1_verify_existing_tags,scapular_car_prone_l6,Scapular CAR LVI - Movement Focus - Prone,cars,LVI,scapular,,,acute_neck_pain | acute_shoulder_pain,,,unreviewed,,,
P1_verify_existing_tags,scapular_car_quadruped_l6,Scapular CAR LVI - Movement Focus - Quadruped,cars,LVI,scapular,,,acute_neck_pain | acute_shoulder_pain,,,unreviewed,,,
P1_verify_existing_tags,scapular_car_standing_l6,Scapular CAR LVI - Movement Focus - Standing,cars,LVI,scapular,,,acute_neck_pain | acute_shoulder_pain,,,unreviewed,,,
P1_verify_existing_tags,scapular_car_hanging_l7,Scapular CAR LVII - Articular Focus - Hanging,cars,LVII,scapular,,,acute_neck_pain | acute_shoulder_pain,,,unreviewed,,,
P1_verify_existing_tags,scapular_car_prone_l7,Scapular CAR LVII - Articular Focus - Prone,cars,LVII,scapular,,,acute_neck_pain | acute_shoulder_pain,,,unreviewed,,,
P1_verify_existing_tags,scapular_car_quadruped_l7,Scapular CAR LVII - Articular Focus - Quadruped,cars,LVII,scapular,,,acute_neck_pain | acute_shoulder_pain,,,unreviewed,,,
P1_verify_existing_tags,scapular_car_standing_l7,Scapular CAR LVII - Articular Focus - Standing,cars,LVII,scapular,,,acute_neck_pain | acute_shoulder_pain,,,unreviewed,,,
P1_verify_existing_tags,scapular_car_hanging_l8,Scapular CAR LVIII - Capacity Focus - Hanging,cars,LVIII,scapular,,,acute_neck_pain | acute_shoulder_pain,,,unreviewed,,,
P1_verify_existing_tags,scapular_car_prone_l8,Scapular CAR LVIII - Capacity Focus - Prone,cars,LVIII,scapular,,,acute_neck_pain | acute_shoulder_pain,,,unreviewed,,,
P1_verify_existing_tags,scapular_car_quadruped_l8,Scapular CAR LVIII - Capacity Focus - Quadruped,cars,LVIII,scapular,,,acute_neck_pain | acute_shoulder_pain,,,unreviewed,,,
P1_verify_existing_tags,scapular_car_standing_l8,Scapular CAR LVIII - Capacity Focus - Standing,cars,LVIII,scapular,,,acute_neck_pain | acute_shoulder_pain,,,unreviewed,,,
P1_verify_existing_tags,shoulder_car_prone_bench_l6,Shoulder CAR LVI - Movement Focus - Prone Bench,cars,LVI,shoulder,,,acute_shoulder_pain | recent_shoulder_surgery | labral_flare,,,unreviewed,,,
P1_verify_existing_tags,shoulder_car_quadruped_bear_l6,Shoulder CAR LVI - Movement Focus - Quadruped Bear,cars,LVI,shoulder,,,acute_shoulder_pain | recent_shoulder_surgery | labral_flare,,,unreviewed,,,
P1_verify_existing_tags,shoulder_car_side_lying_l6,Shoulder CAR LVI - Movement Focus - Side Lying,cars,LVI,shoulder,,,acute_shoulder_pain | recent_shoulder_surgery | labral_flare,,,unreviewed,,,
P1_verify_existing_tags,shoulder_car_standing_l6,Shoulder CAR LVI - Movement Focus - Standing,cars,LVI,shoulder,,,acute_shoulder_pain | recent_shoulder_surgery | labral_flare,,,unreviewed,,,
P1_verify_existing_tags,shoulder_car_prone_bench_l7,Shoulder CAR LVII - Articular Focus - Prone Bench,cars,LVII,shoulder,,,acute_shoulder_pain | recent_shoulder_surgery | labral_flare,,,unreviewed,,,
P1_verify_existing_tags,shoulder_car_quadruped_bear_l7,Shoulder CAR LVII - Articular Focus - Quadruped Bear,cars,LVII,shoulder,,,acute_shoulder_pain | recent_shoulder_surgery | labral_flare,,,unreviewed,,,
P1_verify_existing_tags,shoulder_car_side_lying_l7,Shoulder CAR LVII - Articular Focus - Side Lying,cars,LVII,shoulder,,,acute_shoulder_pain | recent_shoulder_surgery | labral_flare,,,unreviewed,,,
P1_verify_existing_tags,shoulder_car_standing_l7,Shoulder CAR LVII - Articular Focus - Standing,cars,LVII,shoulder,,,acute_shoulder_pain | recent_shoulder_surgery | labral_flare,,,unreviewed,,,
P1_verify_existing_tags,shoulder_car_prone_bench_l8,Shoulder CAR LVIII - Capacity Focus - Prone Bench,cars,LVIII,shoulder,,,acute_shoulder_pain | recent_shoulder_surgery | labral_flare,,,unreviewed,,,
P1_verify_existing_tags,shoulder_car_quadruped_bear_l8,Shoulder CAR LVIII - Capacity Focus - Quadruped Bear,cars,LVIII,shoulder,,,acute_shoulder_pain | recent_shoulder_surgery | labral_flare,,,unreviewed,,,
P1_verify_existing_tags,shoulder_car_side_lying_l8,Shoulder CAR LVIII - Capacity Focus - Side Lying,cars,LVIII,shoulder,,,acute_shoulder_pain | recent_shoulder_surgery | labral_flare,,,unreviewed,,,
P1_verify_existing_tags,shoulder_car_standing_l8,Shoulder CAR LVIII - Capacity Focus - Standing,cars,LVIII,shoulder,,,acute_shoulder_pain | recent_shoulder_surgery | labral_flare,,,unreviewed,,,
P1_verify_existing_tags,thoracic_car_half_kneeling_l6,Thoracic CAR LVI - Movement Focus - Half Kneeling,cars,LVI,thoracic,,,acute_thoracic_pain | rib_injury | post_surgical_chest,,,unreviewed,,,
P1_verify_existing_tags,thoracic_car_quadruped_l6,Thoracic CAR LVI - Movement Focus - Quadruped,cars,LVI,thoracic,,,acute_thoracic_pain | rib_injury | post_surgical_chest,,,unreviewed,,,
P1_verify_existing_tags,thoracic_car_seated_tall_l6,Thoracic CAR LVI - Movement Focus - Seated Tall,cars,LVI,thoracic,,,acute_thoracic_pain | rib_injury | post_surgical_chest,,,unreviewed,,,
P1_verify_existing_tags,thoracic_car_standing_l6,Thoracic CAR LVI - Movement Focus - Standing,cars,LVI,thoracic,,,acute_thoracic_pain | rib_injury | post_surgical_chest,,,unreviewed,,,
P1_verify_existing_tags,thoracic_car_half_kneeling_l7,Thoracic CAR LVII - Articular Focus - Half Kneeling,cars,LVII,thoracic,,,acute_thoracic_pain | rib_injury | post_surgical_chest,,,unreviewed,,,
P1_verify_existing_tags,thoracic_car_quadruped_l7,Thoracic CAR LVII - Articular Focus - Quadruped,cars,LVII,thoracic,,,acute_thoracic_pain | rib_injury | post_surgical_chest,,,unreviewed,,,
P1_verify_existing_tags,thoracic_car_seated_tall_l7,Thoracic CAR LVII - Articular Focus - Seated Tall,cars,LVII,thoracic,,,acute_thoracic_pain | rib_injury | post_surgical_chest,,,unreviewed,,,
P1_verify_existing_tags,thoracic_car_standing_l7,Thoracic CAR LVII - Articular Focus - Standing,cars,LVII,thoracic,,,acute_thoracic_pain | rib_injury | post_surgical_chest,,,unreviewed,,,
P1_verify_existing_tags,thoracic_car_half_kneeling_l8,Thoracic CAR LVIII - Capacity Focus - Half Kneeling,cars,LVIII,thoracic,,,acute_thoracic_pain | rib_injury | post_surgical_chest,,,unreviewed,,,
P1_verify_existing_tags,thoracic_car_quadruped_l8,Thoracic CAR LVIII - Capacity Focus - Quadruped,cars,LVIII,thoracic,,,acute_thoracic_pain | rib_injury | post_surgical_chest,,,unreviewed,,,
P1_verify_existing_tags,thoracic_car_seated_tall_l8,Thoracic CAR LVIII - Capacity Focus - Seated Tall,cars,LVIII,thoracic,,,acute_thoracic_pain | rib_injury | post_surgical_chest,,,unreviewed,,,
P1_verify_existing_tags,thoracic_car_standing_l8,Thoracic CAR LVIII - Capacity Focus - Standing,cars,LVIII,thoracic,,,acute_thoracic_pain | rib_injury | post_surgical_chest,,,unreviewed,,,
P1_verify_existing_tags,toe_car_seated_l6,Toe CAR LVI - Movement Focus - Seated,cars,LVI,toe,,,acute_foot_pain | recent_foot_surgery | plantar_fasciitis_flare | bunion_flare,,,unreviewed,,,
P1_verify_existing_tags,toe_car_short_foot_standing_l6,Toe CAR LVI - Movement Focus - Short Foot Standing,cars,LVI,toe,,,acute_foot_pain | recent_foot_surgery | plantar_fasciitis_flare | bunion_flare,,,unreviewed,,,
P1_verify_existing_tags,toe_car_standing_l6,Toe CAR LVI - Movement Focus - Standing,cars,LVI,toe,,,acute_foot_pain | recent_foot_surgery | plantar_fasciitis_flare | bunion_flare,,,unreviewed,,,
P1_verify_existing_tags,toe_car_seated_l7,Toe CAR LVII - Articular Focus - Seated,cars,LVII,toe,,,acute_foot_pain | recent_foot_surgery | plantar_fasciitis_flare | bunion_flare,,,unreviewed,,,
P1_verify_existing_tags,toe_car_short_foot_standing_l7,Toe CAR LVII - Articular Focus - Short Foot Standing,cars,LVII,toe,,,acute_foot_pain | recent_foot_surgery | plantar_fasciitis_flare | bunion_flare,,,unreviewed,,,
P1_verify_existing_tags,toe_car_standing_l7,Toe CAR LVII - Articular Focus - Standing,cars,LVII,toe,,,acute_foot_pain | recent_foot_surgery | plantar_fasciitis_flare | bunion_flare,,,unreviewed,,,
P1_verify_existing_tags,toe_car_seated_l8,Toe CAR LVIII - Capacity Focus - Seated,cars,LVIII,toe,,,acute_foot_pain | recent_foot_surgery | plantar_fasciitis_flare | bunion_flare,,,unreviewed,,,
P1_verify_existing_tags,toe_car_short_foot_standing_l8,Toe CAR LVIII - Capacity Focus - Short Foot Standing,cars,LVIII,toe,,,acute_foot_pain | recent_foot_surgery | plantar_fasciitis_flare | bunion_flare,,,unreviewed,,,
P1_verify_existing_tags,toe_car_standing_l8,Toe CAR LVIII - Capacity Focus - Standing,cars,LVIII,toe,,,acute_foot_pain | recent_foot_surgery | plantar_fasciitis_flare | bunion_flare,,,unreviewed,,,
P1_verify_existing_tags,wrist_car_quadruped_loaded_l6,Wrist CAR LVI - Movement Focus - Quadruped Loaded,cars,LVI,wrist,,,acute_wrist_pain | carpal_tunnel_flare | recent_wrist_injury,,,unreviewed,,,
P1_verify_existing_tags,wrist_car_seated_forearm_locked_l6,Wrist CAR LVI - Movement Focus - Seated Forearm Locked,cars,LVI,wrist,,,acute_wrist_pain | carpal_tunnel_flare | recent_wrist_injury,,,unreviewed,,,
P1_verify_existing_tags,wrist_car_side_lying_forearm_locked_l6,Wrist CAR LVI - Movement Focus - Side Lying Forearm Locked,cars,LVI,wrist,,,acute_wrist_pain | carpal_tunnel_flare | recent_wrist_injury,,,unreviewed,,,
P1_verify_existing_tags,wrist_car_standing_l6,Wrist CAR LVI - Movement Focus - Standing,cars,LVI,wrist,,,acute_wrist_pain | carpal_tunnel_flare | recent_wrist_injury,,,unreviewed,,,
P1_verify_existing_tags,wrist_car_quadruped_loaded_l7,Wrist CAR LVII - Articular Focus - Quadruped Loaded,cars,LVII,wrist,,,acute_wrist_pain | carpal_tunnel_flare | recent_wrist_injury,,,unreviewed,,,
P1_verify_existing_tags,wrist_car_seated_forearm_locked_l7,Wrist CAR LVII - Articular Focus - Seated Forearm Locked,cars,LVII,wrist,,,acute_wrist_pain | carpal_tunnel_flare | recent_wrist_injury,,,unreviewed,,,
P1_verify_existing_tags,wrist_car_side_lying_forearm_locked_l7,Wrist CAR LVII - Articular Focus - Side Lying Forearm Locked,cars,LVII,wrist,,,acute_wrist_pain | carpal_tunnel_flare | recent_wrist_injury,,,unreviewed,,,
P1_verify_existing_tags,wrist_car_standing_l7,Wrist CAR LVII - Articular Focus - Standing,cars,LVII,wrist,,,acute_wrist_pain | carpal_tunnel_flare | recent_wrist_injury,,,unreviewed,,,
P1_verify_existing_tags,wrist_car_quadruped_loaded_l8,Wrist CAR LVIII - Capacity Focus - Quadruped Loaded,cars,LVIII,wrist,,,acute_wrist_pain | carpal_tunnel_flare | recent_wrist_injury,,,unreviewed,,,
P1_verify_existing_tags,wrist_car_seated_forearm_locked_l8,Wrist CAR LVIII - Capacity Focus - Seated Forearm Locked,cars,LVIII,wrist,,,acute_wrist_pain | carpal_tunnel_flare | recent_wrist_injury,,,unreviewed,,,
P1_verify_existing_tags,wrist_car_side_lying_forearm_locked_l8,Wrist CAR LVIII - Capacity Focus - Side Lying Forearm Locked,cars,LVIII,wrist,,,acute_wrist_pain | carpal_tunnel_flare | recent_wrist_injury,,,unreviewed,,,
P1_verify_existing_tags,wrist_car_standing_l8,Wrist CAR LVIII - Capacity Focus - Standing,cars,LVIII,wrist,,,acute_wrist_pain | carpal_tunnel_flare | recent_wrist_injury,,,unreviewed,,,
P1_verify_existing_tags,ankle_err_df,Ankle DF ERR (Slow End-Range Movement),end_range,ERR,ankle,,,Cannot PRLO,,,unreviewed,,,
P1_verify_existing_tags,ankle_hover_df,Ankle DF Hover (Sustained End-Range),end_range,Hover,ankle,,,Achilles pain | Calf cramping,,,unreviewed,,,
P1_verify_existing_tags,ankle_prh_df_kneeling,Ankle DF PRH (Kneeling Lunge with Loaded Ankle),end_range,PRH,ankle,,,Acute ankle pain | Recent ankle sprain | Achilles tendon flare,,,unreviewed,,,
P1_verify_existing_tags,ankle_prlo_df,Ankle DF PRLO (Heel-Loaded Lift),end_range,PRLO,ankle,,,Cannot PRH | Heel lift during attempt,,,unreviewed,,,
P1_verify_existing_tags,ankle_prh_eversion,Ankle Eversion PRH (End Range Everted Hold),end_range,PRH,ankle,,,Acute medial ankle pain,,,unreviewed,,,
P1_verify_existing_tags,ankle_prh_inversion,Ankle Inversion PRH (End Range Inverted Hold),end_range,PRH,ankle,,,Recent lateral ankle sprain within 6 weeks | Pain on inversion,,,unreviewed,,,
P1_verify_existing_tags,ankle_prlo_inversion,Ankle Inversion PRLO (Active Tilt),end_range,PRLO,ankle,,,Recent sprain acute phase | Pain during movement,,,unreviewed,,,
P1_verify_existing_tags,ankle_loaded_car,Ankle Loaded CAR (Band Resistance),end_range,Loaded_CAR,ankle,,,Ankle CAR not owned unloaded,,,unreviewed,,,
P1_verify_existing_tags,ankle_prh_pf_kneeling,Ankle PF PRH (Toes Pointed Heel Sit),end_range,PRH,ankle,,,Acute anterior ankle pain | Foot cramping,,,unreviewed,,,
P1_verify_existing_tags,ankle_prlo_pf,Ankle PF PRLO (Active Push to End),end_range,PRLO,ankle,,,Cramping,,,unreviewed,,,
P1_verify_existing_tags,cervical_prh_flexion,Cervical Flexion PRH (Supine Chin Tuck),end_range,PRH,cervical,,,Acute cervical pain | Cervical radiculopathy acute | Recent neck injury,,,unreviewed,,,
P1_verify_existing_tags,cervical_prlo_flexion,Cervical Flexion PRLO (Supine Head Lift),end_range,PRLO,cervical,,,Loss of chin tuck during lift (means not ready) | Pain during lift,,,unreviewed,,,
P1_verify_existing_tags,cervical_prh_lateral_flexion,Cervical Lateral Flexion PRH (Ear-to-Shoulder),end_range,PRH,cervical,,,Acute cervical pain | Thoracic outlet symptoms,,,unreviewed,,,
P1_verify_existing_tags,cervical_loaded_car,Cervical Loaded CAR (Light Resistance / Manual),end_range,Loaded_CAR,cervical,,,Cervical CAR not owned unloaded | Any cervical pain | Vascular concerns (do not program without medical clearance),,,unreviewed,,,
P1_verify_existing_tags,cervical_err_rotation,Cervical Rotation ERR (End-Range Micro-Movements),end_range,ERR,cervical,,,Any cervical pain during movement | Dizziness,,,unreviewed,,,
P1_verify_existing_tags,cervical_prh_rotation,Cervical Rotation PRH (End-Range Rotation Hold),end_range,PRH,cervical,,,Acute cervical pain in rotation | Dizziness on rotation (vestibular issue),,,unreviewed,,,
P1_verify_existing_tags,elbow_prh_extension,Elbow Extension PRH (Full Lock-Out Hold),end_range,PRH,elbow,,,Hyperextended elbows (don't load beyond anatomical end range) | Biceps tendon pain at extension,,,unreviewed,,,
P1_verify_existing_tags,elbow_prlo_extension,Elbow Extension PRLO (Locked Position Lift),end_range,PRLO,elbow,,,Cannot PRH | Hyperextension concerns,,,unreviewed,,,
P1_verify_existing_tags,elbow_err_flexion,Elbow Flexion ERR (Small-Range End Slow Curls),end_range,ERR,elbow,,,Cannot tolerate PRLO | Biceps tendon pain,,,unreviewed,,,
P1_verify_existing_tags,elbow_prh_flexion,Elbow Flexion PRH (Bicep Curl End Range),end_range,PRH,elbow,,,Acute elbow pain at end range | Biceps tendon flare,,,unreviewed,,,
P1_verify_existing_tags,elbow_prlo_flexion,Elbow Flexion PRLO (Lift-Off at End Range),end_range,PRLO,elbow,,,Cannot PRH cleanly | Pain during lift,,,unreviewed,,,
P1_verify_existing_tags,elbow_loaded_car,Elbow Loaded CAR (Light Weight),end_range,Loaded_CAR,elbow,,,Elbow CAR not owned unloaded | Any elbow pain,,,unreviewed,,,
P1_verify_existing_tags,foot_prh_arch_short,Foot Arch PRH (Short Foot Hold),end_range,PRH,foot,,,Cramping | Plantar fasciitis acute,,,unreviewed,,,
P1_verify_existing_tags,foot_loaded_car,Foot Loaded CAR (Band Resistance on Big Toe),end_range,Loaded_CAR,foot,,,Basic toe CAR not owned | Acute foot pain,,,unreviewed,,,
P1_verify_existing_tags,hip_hover_abduction,Hip Abduction Hover (Side-Lying Sustained Lift),end_range,Hover,hip,,,Cannot maintain side-lying position | Cramping,,,unreviewed,,,
P1_verify_existing_tags,hip_prh_abduction_straddle,Hip Abduction PRH (Straddle Hold),end_range,PRH,hip,,,Acute adductor strain | Medial knee pain | Acute hamstring strain,,,unreviewed,,,
P1_verify_existing_tags,hip_prlo_abduction_side_lying,Hip Abduction PRLO (Side-Lying End-Range Lift),end_range,PRLO,hip,,,Cramping in glute med (reduce intensity) | SI joint irritation,,,unreviewed,,,
P1_verify_existing_tags,hip_hover_er,Hip ER Hover (Sustained Lift-Off),end_range,Hover,hip,,,Cannot PRLO | Cramping during hold,,,unreviewed,,,
P1_verify_existing_tags,hip_prh_er_90_90_front,Hip ER PRH (90/90 Front Leg),end_range,PRH,hip,,,Acute knee pain (front knee loads in ER) | Hip labral flare | Cannot maintain pelvis upright - regress to elevated 90/90,,,unreviewed,,,
P1_verify_existing_tags,hip_prlo_er_lift_off,Hip ER PRLO (90/90 Front Shin Lift-Off),end_range,PRLO,hip,,,Cannot PRH cleanly | Pain during lift | Pelvic compensation during lift,,,unreviewed,,,
P1_verify_existing_tags,hip_err_er,Hip ERR (External Rotation Slow End-Range),end_range,ERR,hip,,,Cannot PRLO cleanly | Pain during small-range rotation,,,unreviewed,,,
P1_verify_existing_tags,hip_err_ir,Hip ERR (Internal Rotation Slow End-Range),end_range,ERR,hip,,,Cannot PRLO | Pelvic compensation,,,unreviewed,,,
P1_verify_existing_tags,hip_prh_extension_couch,Hip Extension PRH (Couch Stretch),end_range,PRH,hip,,,Acute back knee pain | Quad strain | Recent knee surgery,,,unreviewed,,,
P1_verify_existing_tags,hip_prlo_extension_couch,Hip Extension PRLO (Couch Stretch Active Glute Drive),end_range,PRLO,hip,,,Cannot tolerate couch stretch | Glute cramping (reduce intensity),,,unreviewed,,,
P1_verify_existing_tags,hip_prh_flexion_bear_sit,Hip Flexion PRH (Deep Squat or Bear Sit Hold),end_range,PRH,hip,,,Acute knee pain | Cannot descend without heel lift (use heel-elevated regression) | Hip impingement symptoms,,,unreviewed,,,
P1_verify_existing_tags,hip_prlo_flexion_hang,Hip Flexion PRLO (Hanging Knee Raise to End Range),end_range,PRLO,hip,,,Cannot tolerate hang (regress to supine) | Hip impingement in flexion,,,unreviewed,,,
P1_verify_existing_tags,hip_hover_ir,Hip IR Hover (Sustained Back Thigh Lift),end_range,Hover,hip,,,Cannot PRLO IR,,,unreviewed,,,
P1_verify_existing_tags,hip_prh_ir_90_90_back,Hip IR PRH (90/90 Back Leg),end_range,PRH,hip,,,Acute knee pain (back knee) | Cannot tolerate the back hip IR position at all,,,unreviewed,,,
P1_verify_existing_tags,hip_prlo_ir_lift_off,Hip IR PRLO (90/90 Back Thigh Lift),end_range,PRLO,hip,,,Cannot PRH IR | Pelvic shift during attempt,,,unreviewed,,,
P1_verify_existing_tags,hip_loaded_car,Hip Loaded CAR (Ankle Weight or Band),end_range,Loaded_CAR,hip,,,Hip CARs not owned unloaded | Any hip pain during unloaded version | Acute hip issues,,,unreviewed,,,
P1_verify_existing_tags,hip_loaded_car_banded,Hip Loaded CAR (Band Multi-Directional),end_range,Loaded_CAR,hip,,,Basic loaded CAR not owned | Balance issues with band pull,,,unreviewed,,,
P1_verify_existing_tags,knee_err_extension,Knee Extension ERR (Terminal Extension Slow Movement),end_range,ERR,knee,,,Hyperextension,,,unreviewed,,,
P1_verify_existing_tags,knee_hover_extension,Knee Extension Hover (Sustained Terminal Lift),end_range,Hover,knee,,,Cramping | Fatigue compensation,,,unreviewed,,,
P1_verify_existing_tags,knee_prh_extension_full,Knee Extension PRH (Terminal Extension Hold),end_range,PRH,knee,,,Hyperextended knees (don't load beyond anatomical) | Acute patellar tendon flare,,,unreviewed,,,
P1_verify_existing_tags,knee_prlo_extension,Knee Extension PRLO (Terminal Lift),end_range,PRLO,knee,,,Hyperextension | Pain during lift,,,unreviewed,,,
P1_verify_existing_tags,knee_err_flexion,Knee Flexion ERR (Small Range End-Flexion),end_range,ERR,knee,,,Cannot PRLO,,,unreviewed,,,
P1_verify_existing_tags,knee_prh_flexion_deep,Knee Flexion PRH (Deep Squat or Heel-Sit),end_range,PRH,knee,,,Acute knee pain in deep flexion | Recent knee surgery without clearance | Meniscus acute flare,,,unreviewed,,,
P1_verify_existing_tags,knee_prh_flexion_prone,Knee Flexion PRH (Prone Heel-to-Glute),end_range,PRH,knee,,,Acute quad strain | Knee flexion pain,,,unreviewed,,,
P1_verify_existing_tags,knee_prlo_flexion,Knee Flexion PRLO (Active Heel Drive),end_range,PRLO,knee,,,Hamstring cramping (reduce intensity) | Cannot PRH cleanly,,,unreviewed,,,
P1_verify_existing_tags,knee_loaded_car,Knee Loaded CAR (Ankle Weight),end_range,Loaded_CAR,knee,,,Acute knee pain | Cannot perform CAR unloaded,,,unreviewed,,,
P1_verify_existing_tags,lumbar_prh_extension_sphinx,Lumbar Extension PRH (Sphinx Position),end_range,PRH,lumbar,,,"Extension-intolerant back pain (stenosis, facet-dominant) | Acute lumbar pain in extension",,,unreviewed,,,
P1_verify_existing_tags,lumbar_prlo_extension,Lumbar Extension PRLO (Prone Cobra Active),end_range,PRLO,lumbar,,,Extension intolerance | Facet joint issues,,,unreviewed,,,
P1_verify_existing_tags,lumbar_prh_flexion_cat,Lumbar Flexion PRH (Cat Position Hold),end_range,PRH,lumbar,,,Disc flare (flexion intolerant) | Acute lumbar pain,,,unreviewed,,,
P1_verify_existing_tags,lumbar_prlo_flexion,Lumbar Flexion PRLO (Active Cat),end_range,PRLO,lumbar,,,Flexion intolerance | Disc flare,,,unreviewed,,,
P1_verify_existing_tags,lumbar_prh_lateral_flexion,Lumbar Lateral Flexion PRH (Side-Bend Hold),end_range,PRH,lumbar,,,Acute lumbar pain | SI joint pain,,,unreviewed,,,
P1_verify_existing_tags,lumbar_loaded_car,Lumbar Loaded CAR (Very Light Movement Integration),end_range,Loaded_CAR,lumbar,,,Any lumbar issues | Lumbar CAR not owned unloaded,,,unreviewed,,,
P1_verify_existing_tags,scap_prh_depression,Scapular Depression PRH (Dead Hang Active),end_range,PRH,scapular,,,Acute shoulder pain | Grip strength insufficient for hang duration | Acute wrist issues,,,unreviewed,,,
P1_verify_existing_tags,scap_prlo_depression,Scapular Depression PRLO (Active Pull-Down from Hang),end_range,PRLO,scapular,,,Cannot hold PRH statically | Grip failure before reps completed,,,unreviewed,,,
P1_verify_existing_tags,scap_err_upward_rotation,Scapular ERR (Upward Rotation End Range),end_range,ERR,scapular,,,Shoulder flexion restricted below 150 degrees | Acute shoulder issues,,,unreviewed,,,
P1_verify_existing_tags,scap_loaded_car,Scapular Loaded CAR (Light Band Resistance),end_range,Loaded_CAR,scapular,,,Scap CAR not owned unloaded | Acute shoulder pain,,,unreviewed,,,
P1_verify_existing_tags,scap_hover_retraction,Scapular Retraction Hover (Sustained Y/T/W),end_range,Hover,scapular,,,Cannot PRLO cleanly | Fatigue-related cervical compensation,,,unreviewed,,,
P1_verify_existing_tags,scap_prh_retraction_prone,Scapular Retraction PRH (Prone Y/T/W Holds),end_range,PRH,scapular,,,Acute cervical issues (head position) | Acute rotator cuff issues,,,unreviewed,,,
P1_verify_existing_tags,scap_prlo_retraction,Scapular Retraction PRLO (Prone Active Lift-Off),end_range,PRLO,scapular,,,Cannot maintain prone without cervical flare | Pain during attempted lift,,,unreviewed,,,
P1_verify_existing_tags,shoulder_hover_er,Shoulder ER Hover (Sustained Lift-Off),end_range,Hover,shoulder,,,Cannot PRLO cleanly | Fatigue-related form breakdown during hold,,,unreviewed,,,
P1_verify_existing_tags,shoulder_prh_er_90_abducted,Shoulder ER PRH (90/90 Abducted),end_range,PRH,shoulder,,,Shoulder impingement symptoms in ER | Acute labral flare | Post-surgical rotator cuff within 12 weeks,,,unreviewed,,,
P1_verify_existing_tags,shoulder_prlo_er_abducted,Shoulder ER PRLO (90/90 Lift-Off),end_range,PRLO,shoulder,,,Cannot PRH cleanly | Scapular hike attempting lift | Anterior shoulder pain during lift,,,unreviewed,,,
P1_verify_existing_tags,shoulder_err_er,Shoulder ERR (External Rotation End Range Rotation),end_range,ERR,shoulder,,,Cannot hold end position statically | Pain during rotation at end range,,,unreviewed,,,
P1_verify_existing_tags,shoulder_err_ir,Shoulder ERR (Internal Rotation End Range Rotation),end_range,ERR,shoulder,,,Same as IR PRLO | Pain during small-range rotation,,,unreviewed,,,
P1_verify_existing_tags,shoulder_prh_extension_seated,Shoulder Extension PRH (Seated Reach-Back),end_range,PRH,shoulder,,,Acute shoulder impingement in extension | Wrist pain (from floor-press position) | Recent biceps tendon issues (biceps stretches in this position),,,unreviewed,,,
P1_verify_existing_tags,shoulder_hover_flexion,Shoulder Flexion Hover (Overhead Sustained Lift),end_range,Hover,shoulder,,,Cannot hold lift without compensation for 5+ seconds | Pain during sustained hold,,,unreviewed,,,
P1_verify_existing_tags,shoulder_prh_flexion_wall,Shoulder Flexion PRH (Wall Slide End Position),end_range,PRH,shoulder,,,Acute shoulder pain at overhead position | Cannot reach wall with both elbows without lumbar extension,,,unreviewed,,,
P1_verify_existing_tags,shoulder_prlo_flexion_wall,Shoulder Flexion PRLO (Wall Lift-Off),end_range,PRLO,shoulder,,,Cannot maintain PRH without lumbar compensation | Pain during lift attempt,,,unreviewed,,,
P1_verify_existing_tags,shoulder_prh_ir_quadruped,Shoulder IR PRH (Quadruped Reach-Through),end_range,PRH,shoulder,,,Acute AC joint pain | Recent shoulder surgery | Wrist pain (supporting hand position),,,unreviewed,,,
P1_verify_existing_tags,shoulder_prlo_ir_quadruped,Shoulder IR PRLO (Reach-Through Lift),end_range,PRLO,shoulder,,,Inability to maintain quadruped without trunk compensation | AC joint pain,,,unreviewed,,,
P1_verify_existing_tags,shoulder_loaded_car,Shoulder Loaded CAR (Light Band or 2-5lb),end_range,Loaded_CAR,shoulder,,,Shoulder CARs not yet owned at full range | Any pain during unloaded CARs | Recent shoulder surgery,,,unreviewed,,,
P1_verify_existing_tags,tspine_prh_extension_foam,T-Spine Extension PRH (Foam Roller),end_range,PRH,thoracic,,,Acute thoracic pain | Osteoporosis with risk of compression fracture | Recent spinal injury,,,unreviewed,,,
P1_verify_existing_tags,tspine_prlo_extension,T-Spine Extension PRLO (Prone Press-Up),end_range,PRLO,thoracic,,,Acute lumbar pain (ensure extension comes from T-spine) | Disc flare (extension contraindicated),,,unreviewed,,,
P1_verify_existing_tags,tspine_prh_flexion_child_pose,T-Spine Flexion PRH (Child's Pose Reach),end_range,PRH,thoracic,,,Acute knee pain (kneeling) | Acute lumbar flexion intolerance,,,unreviewed,,,
P1_verify_existing_tags,tspine_prlo_flexion_sink,T-Spine Flexion PRLO (Thread-the-Needle Active),end_range,PRLO,thoracic,,,Neck pain from floor contact | Shoulder pain,,,unreviewed,,,
P1_verify_existing_tags,tspine_loaded_car,T-Spine Loaded CAR (Light Band Resistance),end_range,Loaded_CAR,thoracic,,,Pain during movement | T-spine CARs not owned unloaded,,,unreviewed,,,
P1_verify_existing_tags,tspine_err_rotation,T-Spine Rotation ERR (Slow Small-Range End),end_range,ERR,thoracic,,,Pain,,,unreviewed,,,
P1_verify_existing_tags,tspine_hover_rotation,T-Spine Rotation Hover (Sustained Open),end_range,Hover,thoracic,,,Cannot PRLO | Fatigue compensation,,,unreviewed,,,
P1_verify_existing_tags,tspine_prh_rotation_quadruped,T-Spine Rotation PRH (Quadruped End-Range Hold),end_range,PRH,thoracic,,,Acute thoracic pain | Shoulder pain in the behind-head position,,,unreviewed,,,
P1_verify_existing_tags,tspine_prh_rotation_side_lying,T-Spine Rotation PRH (Side-Lying Open Book),end_range,PRH,thoracic,,,Acute shoulder pain (bottom or top) | Acute thoracic pain,,,unreviewed,,,
P1_verify_existing_tags,tspine_prlo_rotation,T-Spine Rotation PRLO (Quadruped Active Open),end_range,PRLO,thoracic,,,Pain during rotation | Cannot isolate T-spine from lumbar,,,unreviewed,,,
P1_verify_existing_tags,foot_prh_toe_extension,Toe Extension PRH (Downward Dog or Toe-Pulled),end_range,PRH,foot,,,Acute plantar fascia flare | Turf toe,,,unreviewed,,,
P1_verify_existing_tags,foot_prlo_toe_extension,Toe Extension PRLO (Active Big Toe Lift),end_range,PRLO,foot,,,Cramping,,,unreviewed,,,
P1_verify_existing_tags,foot_prh_toe_flexion,Toe Flexion PRH (Curled Toes Hold),end_range,PRH,foot,,,Cramping (reduce intensity),,,unreviewed,,,
P1_verify_existing_tags,foot_prlo_toe_flexion,Toe Flexion PRLO (Active Curl),end_range,PRLO,foot,,,Cramping,,,unreviewed,,,
P1_verify_existing_tags,wrist_err_deviation,Wrist ERR (Radial/Ulnar End-Range),end_range,ERR,wrist,,,Wrist pain,,,unreviewed,,,
P1_verify_existing_tags,wrist_err_flexion_extension,Wrist ERR (Slow End-Range Flex/Extend),end_range,ERR,wrist,,,Any wrist pain during small-range work,,,unreviewed,,,
P1_verify_existing_tags,wrist_hover_extension,Wrist Extension Hover (Sustained Lift),end_range,Hover,wrist,,,Cannot PRLO cleanly | Fingertip pain,,,unreviewed,,,
P1_verify_existing_tags,wrist_prh_extension_floor,Wrist Extension PRH (Reverse Prayer / Floor Palm-Down),end_range,PRH,wrist,,,Acute wrist pain | Carpal tunnel acute flare,,,unreviewed,,,
P1_verify_existing_tags,wrist_prlo_extension,Wrist Extension PRLO (Active Pull-Off),end_range,PRLO,wrist,,,Cannot PRH | Pain on attempted lift,,,unreviewed,,,
P1_verify_existing_tags,wrist_prh_flexion_reverse,Wrist Flexion PRH (Backs of Hands on Floor),end_range,PRH,wrist,,,Wrist flexion pain | Recent wrist surgery,,,unreviewed,,,
P1_verify_existing_tags,wrist_prlo_flexion,Wrist Flexion PRLO (Active Pull-Off),end_range,PRLO,wrist,,,Cannot PRH | Wrist flexion pain,,,unreviewed,,,
P1_verify_existing_tags,wrist_loaded_car,Wrist Loaded CAR (Light Weight),end_range,Loaded_CAR,wrist,,,Wrist CAR not owned unloaded | Any wrist pain,,,unreviewed,,,
P1_verify_existing_tags,wrist_prh_radial_deviation,Wrist Radial Deviation PRH,end_range,PRH,wrist,,,Acute wrist pain,,,unreviewed,,,
P1_verify_existing_tags,wrist_prh_ulnar_deviation,Wrist Ulnar Deviation PRH,end_range,PRH,wrist,,,Acute wrist pain | Ulnar-side wrist pain (TFCC issues),,,unreviewed,,,
P1_verify_existing_tags,ae_rollout,Ab Wheel / Barbell Rollout,external_training,Core,lumbar,shoulder,antiextension,acute_low_back_pain | recent_lumbar_disc_flare,acute_low_back_pain | recent_lumbar_disc_flare,,unreviewed,,,
P1_verify_existing_tags,around_the_world_lunge,Around the World Lunge,external_training,Strength,hip,knee | ankle,lunge,post_surgery_knee | chronic_knee_pain,,,unreviewed,,,
P1_verify_existing_tags,band_assisted_rolldown,Band-Assisted Rolldown,external_training,Mobility,lumbar,thoracic | hamstring,spinal_articulation,acute_disc_issue,,,unreviewed,,,
P1_verify_existing_tags,sq_bb_back_squat,Barbell Back Squat,external_training,Strength,hip,knee | lumbar,squat_axial,acute_low_back_pain | acute_shoulder_pain | wrist_extension_restriction_severe | hip_flexion_restriction_below_90,acute_low_back_pain | acute_shoulder_pain | wrist_extension_restriction_severe | hip_flexion_restriction_below_90,,unreviewed,,,
P1_verify_existing_tags,pushh_bb_bench,Barbell Bench Press,external_training,Strength,shoulder,elbow | scapular,press_horiz,acute_shoulder_pain | labral_flare | wrist_extension_restriction_severe,acute_shoulder_pain | labral_flare | wrist_extension_restriction_severe,,unreviewed,,,
P1_verify_existing_tags,hng_bb_deadlift,Barbell Deadlift,external_training,Strength,hip,lumbar,hinge_axial,acute_low_back_pain | disc_herniation_flare | grip_failure_limits_weight | hip_flexion_restriction_below_100,acute_low_back_pain | disc_herniation_flare | grip_failure_limits_weight | hip_flexion_restriction_below_100,,unreviewed,,,
P1_verify_existing_tags,sq_bb_front_squat,Barbell Front Squat,external_training,Strength,hip,knee | thoracic,squat_axial,acute_shoulder_pain | acute_wrist_pain | thoracic_extension_severe_restriction | hip_flexion_restriction_below_100,acute_shoulder_pain | acute_wrist_pain | thoracic_extension_severe_restriction | hip_flexion_restriction_below_100,,unreviewed,,,
P1_verify_existing_tags,barbell_hip_bridge,Barbell Hip Bridge,external_training,Strength,hip,hamstring | lumbar,hinge_axial,si_joint_sensitivity | no_axial_loading,,,unreviewed,,,
P1_verify_existing_tags,hng_bb_rdl,Barbell RDL (Straight Leg Deadlift),external_training,Strength,hip,hamstring | lumbar,hinge_axial,acute_low_back_pain | grip_failure_limits_weight,acute_low_back_pain | grip_failure_limits_weight,,unreviewed,,,
P1_verify_existing_tags,sq_bw_squat,Bodyweight Squat,external_training,Strength,hip,knee | ankle,squat,acute_knee_pain | acute_hip_pain,acute_knee_pain | acute_hip_pain,,unreviewed,,,
P1_verify_existing_tags,pullv_chinup,Chin-up,external_training,Strength,scapular,shoulder | elbow,pull_vert,acute_elbow_pain | acute_shoulder_pain | grip_failure_limits_volume,acute_elbow_pain | acute_shoulder_pain | grip_failure_limits_volume,,unreviewed,,,
P1_verify_existing_tags,alf_copenhagen_plank,Copenhagen Plank,external_training,Core,hip,lumbar,antilateral,groin_strain_acute | adductor_strain_history_recent,groin_strain_acute | adductor_strain_history_recent,,unreviewed,,,
P1_verify_existing_tags,pushh_db_bench,Dumbbell Bench Press (Single or Double Arm),external_training,Strength,shoulder,elbow | scapular,press_horiz,acute_shoulder_pain | labral_flare,acute_shoulder_pain | labral_flare,,unreviewed,,,
P1_verify_existing_tags,pushh_db_floor_press,Dumbbell Floor Press (Single or Double Arm),external_training,Strength,shoulder,elbow,press_horiz,acute_shoulder_pain,acute_shoulder_pain,,unreviewed,,,
P1_verify_existing_tags,hng_db_rdl,Dumbbell RDL (Straight Leg Deadlift),external_training,Strength,hip,hamstring | lumbar,hinge,acute_low_back_pain | hamstring_strain_acute,acute_low_back_pain | hamstring_strain_acute,,unreviewed,,,
P1_verify_existing_tags,pushv_ffe_ohp,Front Foot Elevated Overhead Press,external_training,Strength,shoulder,hip | thoracic,press_vert,acute_shoulder_pain,acute_shoulder_pain,,unreviewed,,,
P1_verify_existing_tags,sq_goblet,Goblet Squat,external_training,Strength,hip,knee | ankle,squat,acute_knee_pain | acute_wrist_pain,acute_knee_pain | acute_wrist_pain,,unreviewed,,,
P1_verify_existing_tags,pushv_hk_ohp,Half Kneeling Overhead Press,external_training,Strength,shoulder,hip | thoracic,press_vert,acute_shoulder_pain | thoracic_extension_severe_restriction,acute_shoulder_pain | thoracic_extension_severe_restriction,,unreviewed,,,
P1_verify_existing_tags,lm_press_half_kneeling,Half-Kneeling Landmine Press,external_training,Strength,shoulder,hip | scapular,press_vert,acute_shoulder_pain,acute_shoulder_pain,,unreviewed,,,
P1_verify_existing_tags,pullh_inverted_row,Inverted Row,external_training,Strength,scapular,shoulder | elbow,row,acute_shoulder_pain | acute_grip_pain,acute_shoulder_pain | acute_grip_pain,,unreviewed,,,
P1_verify_existing_tags,hng_kb_deadlift,Kettlebell Deadlift,external_training,Strength,hip,lumbar,hinge,acute_low_back_pain,acute_low_back_pain,,unreviewed,,,
P1_verify_existing_tags,cond_kb_swing,Kettlebell Swing,external_training,Conditioning,hip,lumbar,hinge_ballistic,acute_low_back_pain | grip_issues,acute_low_back_pain | grip_issues,,unreviewed,,,
P1_verify_existing_tags,lm_meadows_row,Landmine (Meadows) Row,external_training,Strength,scapular,shoulder | hip,row,acute_low_back_pain | grip_issues,acute_low_back_pain | grip_issues,,unreviewed,,,
P1_verify_existing_tags,lm_deadlift,Landmine Deadlift,external_training,Strength,hip,lumbar,hinge,acute_low_back_pain,acute_low_back_pain,,unreviewed,,,
P1_verify_existing_tags,lm_goblet_squat,Landmine Goblet Squat,external_training,Strength,hip,knee,squat,acute_knee_pain | acute_shoulder_pain,acute_knee_pain | acute_shoulder_pain,,unreviewed,,,
P1_verify_existing_tags,lm_push_press,Landmine Push Press,external_training,Strength,shoulder,hip | knee,press_vert,acute_shoulder_pain | acute_knee_pain,acute_shoulder_pain | acute_knee_pain,,unreviewed,,,
P1_verify_existing_tags,lm_rdl,Landmine RDL,external_training,Strength,hip,hamstring,hinge,acute_low_back_pain,acute_low_back_pain,,unreviewed,,,
P1_verify_existing_tags,lm_reverse_lunge,Landmine Reverse Lunge,external_training,Strength,hip,knee,lunge,acute_knee_pain,acute_knee_pain,,unreviewed,,,
P1_verify_existing_tags,lm_rotation,Landmine Rotation (Rainbow),external_training,Strength,thoracic,hip | shoulder,rotation,acute_low_back_pain | acute_shoulder_pain,acute_low_back_pain | acute_shoulder_pain,,unreviewed,,,
P1_verify_existing_tags,lm_squat_to_press,Landmine Squat-to-Press,external_training,Strength,hip,shoulder | knee,complex,acute_knee_pain | acute_shoulder_pain,acute_knee_pain | acute_shoulder_pain,,unreviewed,,,
P1_verify_existing_tags,lm_tbar_row,Landmine T-Bar Row,external_training,Strength,scapular,shoulder | elbow,row,acute_low_back_pain | grip_issues,acute_low_back_pain | grip_issues,,unreviewed,,,
P1_verify_existing_tags,lateral_lunge,Lateral Lunge,external_training,Strength,hip,knee | ankle,lunge_lateral,chronic_knee_pain,,,unreviewed,,,
P1_verify_existing_tags,hng_kb_hinge,Loaded Kettlebell Hinge,external_training,Strength,hip,lumbar,hinge,acute_low_back_pain,acute_low_back_pain,,unreviewed,,,
P1_verify_existing_tags,car_overhead_carry,Overhead Carry,external_training,Carry,shoulder,lumbar | thoracic,carry_overhead,acute_shoulder_pain | shoulder_flexion_restriction_below_160,acute_shoulder_pain | shoulder_flexion_restriction_below_160,,unreviewed,,,
P1_verify_existing_tags,pullv_pullup,Pull-up (Pronated),external_training,Strength,scapular,shoulder | elbow,pull_vert,acute_shoulder_pain | grip_failure_limits_volume,acute_shoulder_pain | grip_failure_limits_volume,,unreviewed,,,
P1_verify_existing_tags,pushh_pushup,"Pushup (Full, Eccentric, Isometric)",external_training,Strength,shoulder,elbow | scapular,press_horiz,acute_wrist_pain | acute_shoulder_pain,acute_wrist_pain | acute_shoulder_pain,,unreviewed,,,
P1_verify_existing_tags,sq_rfess,Rear Foot Elevated Split Squat,external_training,Strength,hip,knee,squat_split,acute_knee_pain | acute_hip_flexor_strain,acute_knee_pain | acute_hip_flexor_strain,,unreviewed,,,
P1_verify_existing_tags,reverse_crunch_bench,Reverse Crunch on Bench,external_training,Core,lumbar,hip,antiextension,acute_low_back_pain | disc_issue,,,unreviewed,,,
P1_verify_existing_tags,pushv_seated_ohp,Seated Overhead Press (Single or Double Arm),external_training,Strength,shoulder,elbow | thoracic,press_vert,acute_shoulder_pain | thoracic_extension_severe_restriction | shoulder_flexion_restriction_below_150,acute_shoulder_pain | thoracic_extension_severe_restriction | shoulder_flexion_restriction_below_150,,unreviewed,,,
P1_verify_existing_tags,hng_sl_deadlift,Single Leg Deadlift (reaching or kettlebell),external_training,Strength,hip,hamstring,hinge_unilateral,balance_severely_impaired | acute_low_back_pain,balance_severely_impaired | acute_low_back_pain,,unreviewed,,,
P1_verify_existing_tags,hng_sl_rdl,Single Leg RDL (weighted or unweighted),external_training,Strength,hip,hamstring,hinge_unilateral,acute_low_back_pain | balance_severely_impaired,acute_low_back_pain | balance_severely_impaired,,unreviewed,,,
P1_verify_existing_tags,sq_sl_squat,Single Leg Squat (Pistol or Assisted),external_training,Strength,hip,knee | ankle,squat_unilateral,acute_knee_pain | acute_hip_pain | poor_ankle_mobility,acute_knee_pain | acute_hip_pain | poor_ankle_mobility,,unreviewed,,,
P1_verify_existing_tags,slide_mountain_climbers,Slide Board Mountain Climbers,external_training,Conditioning,hip,shoulder | lumbar,core_dynamic,chronic_shoulder_impingement | si_joint_sensitivity,,,unreviewed,,,
P1_verify_existing_tags,slide_plank_saws,Slide Board Plank Saws,external_training,Core,lumbar,shoulder | hip,antiextension,chronic_shoulder_impingement,,,unreviewed,,,
P1_verify_existing_tags,slide_reverse_lunge,Slide Board Reverse Lunge,external_training,Strength,hip,knee,lunge,post_surgery_knee | chronic_knee_pain,,,unreviewed,,,
P1_verify_existing_tags,spinal_segmented_rolldown,Spinal Segmented Rolldown,external_training,Mobility,lumbar,thoracic | cervical,spinal_articulation,acute_disc_issue,,,unreviewed,,,
P1_verify_existing_tags,sq_split_squat,Split Squat,external_training,Strength,hip,knee,squat_split,acute_knee_pain,acute_knee_pain,,unreviewed,,,
P1_verify_existing_tags,lm_press_standing,Standing Landmine Press,external_training,Strength,shoulder,hip | thoracic,press_vert,acute_shoulder_pain,acute_shoulder_pain,,unreviewed,,,
P1_verify_existing_tags,pushv_standing_ohp,Standing Overhead Press,external_training,Strength,shoulder,lumbar | hip,press_vert_axial,acute_shoulder_pain | acute_low_back_pain | thoracic_extension_severe_restriction,acute_shoulder_pain | acute_low_back_pain | thoracic_extension_severe_restriction,,unreviewed,,,
P1_verify_existing_tags,step_down,Step Down,external_training,Strength,knee,hip | ankle,squat_unilateral,acute_knee_pain,,,unreviewed,,,
P1_verify_existing_tags,thoracic_cars_weighted,Thoracic CARs (Weighted),external_training,Mobility,thoracic,shoulder,cars,acute_thoracic_pain,,,unreviewed,,,
P1_verify_existing_tags,hng_trapbar_deadlift,Trap Bar Deadlift,external_training,Strength,hip,lumbar | knee,hinge_axial,acute_low_back_pain | grip_failure_limits_weight,acute_low_back_pain | grip_failure_limits_weight,,unreviewed,,,
P1_verify_existing_tags,sq_wide_stance_kb_lateral,Wide Stance Kettlebell Lateral Squat (Cossack),external_training,Strength,hip,knee | ankle,squat_lateral,acute_groin_strain | acute_knee_pain,acute_groin_strain | acute_knee_pain,,unreviewed,,,
P1_verify_existing_tags,elbow_eng_bicep_curl_slow,ENG Bicep Curl (Slow Eccentric to Full Extension),full_range,ENG,elbow,,elbow_flexion,Acute bicep tendon pain | Hyperextended elbows (limit extension to just short),,,unreviewed,,,
P1_verify_existing_tags,shoulder_eng_chest_supported_row,ENG Chest-Supported Row (Slow Release to Full Stretch),full_range,ENG,shoulder,,horizontal_pull,Shoulder impingement at end range | Cannot maintain chest contact under fatigue,,,unreviewed,,,
P1_verify_existing_tags,hip_eng_goblet_squat_tempo,ENG Goblet Squat (Slow Eccentric to Full Depth),full_range,ENG,hip,,squat,Cannot hold deep squat passively for 30+ seconds | Acute knee or hip pain at depth | Form collapse at bottom position (regress to heel-elevated or partial depth),,,unreviewed,,,
P1_verify_existing_tags,lumbar_eng_jefferson_curl,ENG Jefferson Curl (Slow Eccentric Spinal Flexion),full_range,ENG,lumbar,,spinal_flexion_loaded,Any acute back pain | Disc pathology | History of disc injury | General population clients - use with extreme caution,,,unreviewed,,,
P1_verify_existing_tags,shoulder_eng_press_slow_lower,ENG Overhead Press (Slow Eccentric to End-Range Flexion),full_range,ENG,shoulder,,vertical_press,Shoulder impingement at end range | Active rotator cuff pathology | Cannot achieve end range passively,,,unreviewed,,,
P1_verify_existing_tags,shoulder_eng_pullup_negative,ENG Pull-Up Negative (Slow Descent to Dead Hang),full_range,ENG,shoulder,,vertical_pull,Acute shoulder pain at top position | Insufficient grip for controlled descent,,,unreviewed,,,
P1_verify_existing_tags,hip_eng_rdl_slow_eccentric,ENG RDL (Slow Eccentric to End Range),full_range,ENG,hip,,hinge,Acute low back pain | Cannot achieve neutral spine at any depth (work patterning first) | Acute hamstring strain,,,unreviewed,,,
P1_verify_existing_tags,hip_eng_reverse_lunge_slow,ENG Reverse Lunge (Slow Descent),full_range,ENG,hip,,split_stance_dynamic,Knee pain at bottom | Balance insufficient for controlled descent,,,unreviewed,,,
P1_verify_existing_tags,scap_eng_row_slow_return,ENG Row (Slow Eccentric with Full Protraction),full_range,ENG,scapular,,horizontal_pull,Acute shoulder impingement at end range | Cannot reach full protraction without compensatory forward lean,,,unreviewed,,,
P1_verify_existing_tags,ankle_eng_calf_raise_slow_lower,ENG Single-Leg Calf Raise (Slow Eccentric to Deep Stretch),full_range,ENG,ankle,,plantarflexion,Acute Achilles tendinopathy | Recent ankle sprain | Balance insufficient (regress to bilateral),,,unreviewed,,,
P1_verify_existing_tags,knee_eng_sissy_squat_tempo,ENG Sissy Squat (Slow Eccentric),full_range,ENG,knee,,knee_flexion_open_chain,Any acute knee pain | Patellar tendonopathy (acute) | Post-surgical knee within 12 months | Cannot tolerate deep knee flexion passively,,,unreviewed,,,
P1_verify_existing_tags,hip_eng_split_squat,ENG Split Squat (Slow Eccentric to Stretch),full_range,ENG,hip,,split_stance,Knee pain at depth | Cannot maintain upright torso (regress to half-kneeling holds first),,,unreviewed,,,
P1_verify_existing_tags,shoulder_eqi_bottom_up_kb_hold,EQI Bottom-Up KB Overhead Hold,full_range,EQI,shoulder,,overhead_stabilization,Cannot stabilize bottom-up KB at all | Shoulder pain at end range | Insufficient grip strength,,,unreviewed,,,
P1_verify_existing_tags,hip_eqi_copenhagen_plank,EQI Copenhagen Plank (Adductor End-Range Hold),full_range,EQI,hip,,lateral_core,Acute adductor strain | Cannot hold a standard side plank | Medial knee pain,,,unreviewed,,,
P1_verify_existing_tags,shoulder_eqi_dead_hang,EQI Dead Hang (Full Shoulder Flexion End Range),full_range,EQI,shoulder,,hanging,Acute shoulder pain overhead | Grip strength insufficient | Acute wrist issues,,,unreviewed,,,
P1_verify_existing_tags,ankle_eqi_deep_squat_ankle_hold,EQI Deep Squat Ankle Dorsiflexion Hold (Knee Past Toes),full_range,EQI,ankle,,dorsiflexion_loaded,Acute ankle pain in DF | Achilles flare,,,unreviewed,,,
P1_verify_existing_tags,hip_eqi_deep_squat_hold,EQI Deep Squat Hold (Loaded),full_range,EQI,hip,,squat,Cannot hold deep squat unloaded for 60s | Knee flare at depth | Cramping in adductors or calves (reduce load or duration),,,unreviewed,,,
P1_verify_existing_tags,wrist_eqi_hanging_finger_stretch,EQI Hanging Wrist Extension (Finger-Only Hang Progression),full_range,EQI,wrist,,wrist_flexor_stretch_loaded,Cannot perform standard dead hang for 30s | Acute wrist pain | Finger joint pathology,,,unreviewed,,,
P1_verify_existing_tags,cervical_eqi_chin_tuck_hold,EQI Loaded Chin Tuck Hold,full_range,EQI,cervical,,cervical_flexion,Acute cervical pain | Cervical radiculopathy | Vertebral artery concerns,,,unreviewed,,,
P1_verify_existing_tags,hip_eqi_single_leg_rdl_hold,EQI Single-Leg RDL End Range Hold,full_range,EQI,hip,,single_leg_hinge,Cannot hold single-leg balance for 20s without weight | Acute low back pain,,,unreviewed,,,
P1_verify_existing_tags,hip_eqi_split_squat_hold,EQI Split Squat Bottom Hold,full_range,EQI,hip,,split_stance,Cannot hold split squat bottom for 15s | Acute knee pain | Front knee collapse,,,unreviewed,,,
P1_verify_existing_tags,knee_eqi_squat_parallel_hold,EQI Squat Parallel Hold (Wall Sit Variant),full_range,EQI,knee,,knee_flexion_closed_chain,Acute knee pain at 90 degrees | Patellofemoral acute flare,,,unreviewed,,,
P1_verify_existing_tags,tspine_eqi_extension_overhead_hold,EQI T-Spine Extension Overhead Hold (Loaded),full_range,EQI,thoracic,,extension,Acute lumbar pain | Cannot achieve overhead position without lumbar arch | Shoulder pain overhead,,,unreviewed,,,
P1_verify_existing_tags,ankle_ks_ankle_rocker,Kinetic Stretch Ankle Rocker (Loaded Forward-Back),full_range,Kinetic_Stretch,ankle,,df_pf_cycle,Acute ankle pain | Balance issues (do in half-kneeling vs standing),,,unreviewed,,,
P1_verify_existing_tags,hip_ks_lateral_lunge_continuous,Kinetic Stretch Continuous Lateral Lunge,full_range,Kinetic_Stretch,hip,,lateral,Cannot hold end-range lateral lunge for 5s | Medial knee pain,,,unreviewed,,,
P1_verify_existing_tags,hip_ks_cossack_squat,Kinetic Stretch Cossack Squat,full_range,Kinetic_Stretch,hip,,lateral,Cannot Cossack bodyweight through full range | Acute knee medial pain | Adductor strain,,,unreviewed,,,
P1_verify_existing_tags,shoulder_ks_crab_reach,Kinetic Stretch Crab Reach (Loaded Thoracic Rotation + Shoulder Extension),full_range,Kinetic_Stretch,shoulder,,spinal_integration,Cannot hold table-top position for 30s | Wrist pain | Acute shoulder or thoracic pain,,,unreviewed,,,
P1_verify_existing_tags,foot_ks_single_leg_balance_dynamic,Kinetic Stretch Dynamic Single-Leg Balance (3D Reach),full_range,Kinetic_Stretch,foot,,balance_stability,Cannot stand on one leg for 20 seconds | Acute ankle/foot pain,,,unreviewed,,,
P1_verify_existing_tags,knee_ks_heel_elevated_goblet,Kinetic Stretch Heel-Elevated Goblet Squat,full_range,Kinetic_Stretch,knee,,quad_dominant_squat,Acute patellofemoral pain | Cannot tolerate deep squat with heel elevation,,,unreviewed,,,
P1_verify_existing_tags,tspine_ks_windmill,Kinetic Stretch KB Windmill,full_range,Kinetic_Stretch,thoracic,,loaded_rotation_extension,Cannot stabilize KB overhead | Acute shoulder or low back pain | Balance issues,,,unreviewed,,,
P1_verify_existing_tags,hip_ks_pigeon_flow_loaded,Kinetic Stretch Pigeon Flow (Loaded),full_range,Kinetic_Stretch,hip,,hip_rotation,Cannot hold basic pigeon for 60s | Acute knee pain | SI joint irritation,,,unreviewed,,,
P1_verify_existing_tags,tspine_ks_rotation_loaded,Kinetic Stretch T-Spine Rotation (Cable),full_range,Kinetic_Stretch,thoracic,,rotation,Acute lumbar pain | Cannot achieve clean T-spine rotation without lumbar compensation,,,unreviewed,,,
P1_verify_existing_tags,shoulder_ks_turkish_getup_partial,Kinetic Stretch Turkish Get-Up (Partial Flow),full_range,Kinetic_Stretch,shoulder,,integrated_full_body,Cannot stabilize KB overhead statically | Shoulder pain at any position,,,unreviewed,,,
P1_verify_existing_tags,shoulder_ks_wall_slides_loaded,Kinetic Stretch Wall Slides (Loaded Band),full_range,Kinetic_Stretch,shoulder,,vertical_press_range,Acute shoulder impingement | Cannot achieve full wall contact,,,unreviewed,,,
P1_verify_existing_tags,ankle_lir_calf_raise_ramp,Loaded Isoramp Calf Raise (Tier-Paused),full_range,Loaded_Isoramp,ankle,,plantarflexion,Acute Achilles pain | Cannot perform standard calf raise cleanly,,,unreviewed,,,
P1_verify_existing_tags,hip_lir_goblet_squat_ramp,Loaded Isoramp Goblet Squat (Tier-Paused Reps),full_range,Loaded_Isoramp,hip,,squat,Cannot perform standard ENG squat cleanly | Knee or hip pain at any depth | Cardiovascular limitations (these holds are demanding),,,unreviewed,,,
P1_verify_existing_tags,shoulder_lir_landmine_press_ramp,Loaded Isoramp Landmine Press (Tier-Paused Reps),full_range,Loaded_Isoramp,shoulder,,vertical_press,Cannot perform standard landmine press cleanly | Shoulder pain at any pressing range | Cannot maintain half-kneeling position under fatigue,,,unreviewed,,,
P1_verify_existing_tags,hip_lir_rdl_ramp,Loaded Isoramp RDL (Tier-Paused Eccentric),full_range,Loaded_Isoramp,hip,,hinge,Cannot perform standard RDL cleanly | Low back pain at any hinge depth,,,unreviewed,,,
P1_verify_existing_tags,iso_ramp_9090_back_ir_long,90/90 Back Hip IR Long Iso Ramp,iso_ramping,Iso_Ramping,hip,,,Acute back knee pain | Cannot tolerate 90/90 back leg position,,,unreviewed,,,
P1_verify_existing_tags,iso_ramp_9090_front_er_long,90/90 Front Hip ER Long Iso Ramp,iso_ramping,Iso_Ramping,hip,,,Acute knee pain (front knee) | Hip labral flare | Cannot hold 90/90 position passively,,,unreviewed,,,
P1_verify_existing_tags,iso_ramp_9090_front_er_short,90/90 Front Hip ER Short Iso Ramp,iso_ramping,Iso_Ramping,hip,,,Cannot hold 90/90 passively | Cannot lift shin at all (start with PRLO first),,,unreviewed,,,
P1_verify_existing_tags,iso_ramp_butterfly_adductor_short,Butterfly Abduction Short Iso Ramp (Opposite Direction),iso_ramping,Iso_Ramping,hip,,,Acute knee pain (medial) | Cramping during contraction,,,unreviewed,,,
P1_verify_existing_tags,iso_ramp_butterfly_adductor_long,Butterfly Adductor Long Iso Ramp,iso_ramping,Iso_Ramping,hip,,,Acute adductor strain | Acute knee pain (medial),,,unreviewed,,,
P1_verify_existing_tags,iso_ramp_couch_quad_long,Couch Stretch Quad Long Iso Ramp,iso_ramping,Iso_Ramping,hip,,,Acute knee pain | Recent knee surgery | Cannot tolerate couch stretch 30s passively,,,unreviewed,,,
P1_verify_existing_tags,iso_ramp_deep_squat_long,Deep Squat Hip Flexion Long Iso Ramp,iso_ramping,Iso_Ramping,hip,,,Cannot hold deep squat for 30s | Acute knee or hip pain,,,unreviewed,,,
P1_verify_existing_tags,iso_ramp_halfkneeling_ankle_df_long,Half-Kneeling Ankle DF Long Iso Ramp,iso_ramping,Iso_Ramping,ankle,,,Acute Achilles pain | Recent ankle sprain,,,unreviewed,,,
P1_verify_existing_tags,iso_ramp_halfkneeling_hip_flexor_long,Half-Kneeling Hip Flexor Long Iso Ramp,iso_ramping,Iso_Ramping,hip,,,Acute back knee pain | Acute hip flexor strain,,,unreviewed,,,
P1_verify_existing_tags,iso_ramp_long_sit_knee_extension_short,Long Sit Terminal Knee Extension Short Iso Ramp,iso_ramping,Iso_Ramping,knee,,,Hyperextended knees | Acute patellar tendon issues,,,unreviewed,,,
P1_verify_existing_tags,iso_ramp_pigeon_front_er_long,Pigeon Front Hip ER Long Iso Ramp,iso_ramping,Iso_Ramping,hip,,,Knee pain in pigeon | Cannot tolerate pigeon for 60s passively | Acute SI joint irritation,,,unreviewed,,,
P1_verify_existing_tags,iso_ramp_prone_lumbar_extension_long,Prone Sphinx Lumbar Extension Long Iso Ramp,iso_ramping,Iso_Ramping,lumbar,,,Extension-intolerant back (stenosis) | Acute lumbar pain | Disc flare,,,unreviewed,,,
P1_verify_existing_tags,iso_ramp_quadruped_tspine_rotation_long,Quadruped T-Spine Rotation Long Iso Ramp,iso_ramping,Iso_Ramping,thoracic,,,Acute thoracic pain | Shoulder pain in the behind-head position,,,unreviewed,,,
P1_verify_existing_tags,iso_ramp_quadruped_shoulder_ir_long,Quadruped Thread-the-Needle Shoulder IR Long Iso Ramp,iso_ramping,Iso_Ramping,shoulder,,,Acute AC joint pain | Cannot tolerate thread-the-needle position,,,unreviewed,,,
P1_verify_existing_tags,iso_ramp_quadruped_wrist_ext_long,Quadruped Wrist Extension Long Iso Ramp,iso_ramping,Iso_Ramping,wrist,,,Acute wrist pain | Carpal tunnel flare,,,unreviewed,,,
P1_verify_existing_tags,iso_ramp_standing_foot_arch_short,Standing Short Foot Iso Ramp,iso_ramping,Iso_Ramping,foot,,,Cramping (reduce effort or stop),,,unreviewed,,,
P1_verify_existing_tags,iso_ramp_straddle_adductor_long,Straddle Adductor Long Iso Ramp (Straight Leg),iso_ramping,Iso_Ramping,hip,,,Acute adductor strain | Hamstring strain (straddle loads hamstrings),,,unreviewed,,,
P1_verify_existing_tags,iso_ramp_supine_shoulder_er_long,Supine 90/90 Shoulder ER Long Iso Ramp,iso_ramping,Iso_Ramping,shoulder,,,Acute shoulder pain | Recent shoulder surgery | Cannot tolerate supine 90/90 passively,,,unreviewed,,,
P1_verify_existing_tags,iso_ramp_supine_cervical_flexion_long,Supine Chin Tuck Long Iso Ramp,iso_ramping,Iso_Ramping,cervical,,,Acute cervical pain | Cervical radiculopathy | Vertebral artery concerns,,,unreviewed,,,
P1_verify_existing_tags,iso_ramp_supine_tspine_extension_long,Supine Foam Roller T-Spine Extension Long Iso Ramp,iso_ramping,Iso_Ramping,thoracic,,,Acute thoracic pain | Osteoporosis with fracture risk,,,unreviewed,,,
P1_verify_existing_tags,iso_ramp_standing_shoulder_flex_long,Wall Shoulder Flexion Long Iso Ramp,iso_ramping,Iso_Ramping,shoulder,,,Acute shoulder pain overhead | Cannot touch wall with elbows without lumbar arch,,,unreviewed,,,
P1_verify_existing_tags,ankle_pails_rails_dorsiflexion_l1,Ankle Dorsiflexion PAILs/RAILs - L1 (Teaching / Sub-max),pails_rails,PAIL/RAIL,ankle,,,acute_ankle_pain | recent_ankle_sprain_acute | post_surgical_ankle,,,unreviewed,,,
P1_verify_existing_tags,ankle_pails_rails_dorsiflexion_l2,Ankle Dorsiflexion PAILs/RAILs - L2 (Intermediate),pails_rails,PAIL/RAIL,ankle,,,acute_ankle_pain | recent_ankle_sprain_acute | post_surgical_ankle,,,unreviewed,,,
P1_verify_existing_tags,ankle_pails_rails_dorsiflexion_l3,Ankle Dorsiflexion PAILs/RAILs - L3 (Maximal),pails_rails,PAIL/RAIL,ankle,,,acute_ankle_pain | recent_ankle_sprain_acute | post_surgical_ankle,,,unreviewed,,,
P1_verify_existing_tags,ankle_pails_rails_eversion_l1,Ankle Eversion PAILs/RAILs - L1 (Teaching / Sub-max),pails_rails,PAIL/RAIL,ankle,,,acute_ankle_pain | recent_ankle_sprain_acute | post_surgical_ankle,,,unreviewed,,,
P1_verify_existing_tags,ankle_pails_rails_eversion_l2,Ankle Eversion PAILs/RAILs - L2 (Intermediate),pails_rails,PAIL/RAIL,ankle,,,acute_ankle_pain | recent_ankle_sprain_acute | post_surgical_ankle,,,unreviewed,,,
P1_verify_existing_tags,ankle_pails_rails_eversion_l3,Ankle Eversion PAILs/RAILs - L3 (Maximal),pails_rails,PAIL/RAIL,ankle,,,acute_ankle_pain | recent_ankle_sprain_acute | post_surgical_ankle,,,unreviewed,,,
P1_verify_existing_tags,ankle_pails_rails_inversion_l1,Ankle Inversion PAILs/RAILs - L1 (Teaching / Sub-max),pails_rails,PAIL/RAIL,ankle,,,acute_ankle_pain | recent_ankle_sprain_acute | post_surgical_ankle,,,unreviewed,,,
P1_verify_existing_tags,ankle_pails_rails_inversion_l2,Ankle Inversion PAILs/RAILs - L2 (Intermediate),pails_rails,PAIL/RAIL,ankle,,,acute_ankle_pain | recent_ankle_sprain_acute | post_surgical_ankle,,,unreviewed,,,
P1_verify_existing_tags,ankle_pails_rails_inversion_l3,Ankle Inversion PAILs/RAILs - L3 (Maximal),pails_rails,PAIL/RAIL,ankle,,,acute_ankle_pain | recent_ankle_sprain_acute | post_surgical_ankle,,,unreviewed,,,
P1_verify_existing_tags,ankle_pails_rails_plantarflexion_l1,Ankle Plantarflexion PAILs/RAILs - L1 (Teaching / Sub-max),pails_rails,PAIL/RAIL,ankle,,,acute_ankle_pain | recent_ankle_sprain_acute | post_surgical_ankle,,,unreviewed,,,
P1_verify_existing_tags,ankle_pails_rails_plantarflexion_l2,Ankle Plantarflexion PAILs/RAILs - L2 (Intermediate),pails_rails,PAIL/RAIL,ankle,,,acute_ankle_pain | recent_ankle_sprain_acute | post_surgical_ankle,,,unreviewed,,,
P1_verify_existing_tags,ankle_pails_rails_plantarflexion_l3,Ankle Plantarflexion PAILs/RAILs - L3 (Maximal),pails_rails,PAIL/RAIL,ankle,,,acute_ankle_pain | recent_ankle_sprain_acute | post_surgical_ankle,,,unreviewed,,,
P1_verify_existing_tags,hip_pails_rails_anterior_capsule_er_l1,Anterior Capsule (ER in flexion) - 90/90 ER PAILs/RAILs - L1 (Teaching / Sub-max),pails_rails,PAIL/RAIL,hip,,,acute_hip_pain | recent_hip_surgery | labral_flare | FAI_symptomatic_flare,,,unreviewed,,,
P1_verify_existing_tags,hip_pails_rails_anterior_capsule_er_l2,Anterior Capsule (ER in flexion) - 90/90 ER PAILs/RAILs - L2 (Intermediate),pails_rails,PAIL/RAIL,hip,,,acute_hip_pain | recent_hip_surgery | labral_flare | FAI_symptomatic_flare,,,unreviewed,,,
P1_verify_existing_tags,hip_pails_rails_anterior_capsule_er_l3,Anterior Capsule (ER in flexion) - 90/90 ER PAILs/RAILs - L3 (Maximal),pails_rails,PAIL/RAIL,hip,,,acute_hip_pain | recent_hip_surgery | labral_flare | FAI_symptomatic_flare,,,unreviewed,,,
P1_verify_existing_tags,shoulder_pails_rails_anterior_capsule_l1,Anterior Capsule (ER in flexion) PAILs/RAILs - L1 (Teaching / Sub-max),pails_rails,PAIL/RAIL,shoulder,,,acute_shoulder_pain | recent_shoulder_surgery | labral_flare | dislocation_history_acute,,,unreviewed,,,
P1_verify_existing_tags,shoulder_pails_rails_anterior_capsule_l2,Anterior Capsule (ER in flexion) PAILs/RAILs - L2 (Intermediate),pails_rails,PAIL/RAIL,shoulder,,,acute_shoulder_pain | recent_shoulder_surgery | labral_flare | dislocation_history_acute,,,unreviewed,,,
P1_verify_existing_tags,shoulder_pails_rails_anterior_capsule_l3,Anterior Capsule (ER in flexion) PAILs/RAILs - L3 (Maximal),pails_rails,PAIL/RAIL,shoulder,,,acute_shoulder_pain | recent_shoulder_surgery | labral_flare | dislocation_history_acute,,,unreviewed,,,
P1_verify_existing_tags,hip_pails_rails_anterior_hip_extension_l1,Anterior Hip (Extension) PAILs/RAILs - L1 (Teaching / Sub-max),pails_rails,PAIL/RAIL,hip,,,acute_hip_pain | recent_hip_surgery | labral_flare | FAI_symptomatic_flare,,,unreviewed,,,
P1_verify_existing_tags,hip_pails_rails_anterior_hip_extension_l2,Anterior Hip (Extension) PAILs/RAILs - L2 (Intermediate),pails_rails,PAIL/RAIL,hip,,,acute_hip_pain | recent_hip_surgery | labral_flare | FAI_symptomatic_flare,,,unreviewed,,,
P1_verify_existing_tags,hip_pails_rails_anterior_hip_extension_l3,Anterior Hip (Extension) PAILs/RAILs - L3 (Maximal),pails_rails,PAIL/RAIL,hip,,,acute_hip_pain | recent_hip_surgery | labral_flare | FAI_symptomatic_flare,,,unreviewed,,,
P1_verify_existing_tags,toe_pails_rails_big_toe_extension_l1,Big Toe Extension PAILs/RAILs - L1 (Teaching / Sub-max),pails_rails,PAIL/RAIL,toe,,,acute_foot_pain | recent_foot_surgery | plantar_fasciitis_flare | bunion_flare,,,unreviewed,,,
P1_verify_existing_tags,toe_pails_rails_big_toe_extension_l2,Big Toe Extension PAILs/RAILs - L2 (Intermediate),pails_rails,PAIL/RAIL,toe,,,acute_foot_pain | recent_foot_surgery | plantar_fasciitis_flare | bunion_flare,,,unreviewed,,,
P1_verify_existing_tags,toe_pails_rails_big_toe_extension_l3,Big Toe Extension PAILs/RAILs - L3 (Maximal),pails_rails,PAIL/RAIL,toe,,,acute_foot_pain | recent_foot_surgery | plantar_fasciitis_flare | bunion_flare,,,unreviewed,,,
P1_verify_existing_tags,toe_pails_rails_big_toe_flexion_l1,Big Toe Flexion PAILs/RAILs - L1 (Teaching / Sub-max),pails_rails,PAIL/RAIL,toe,,,acute_foot_pain | recent_foot_surgery | plantar_fasciitis_flare | bunion_flare,,,unreviewed,,,
P1_verify_existing_tags,toe_pails_rails_big_toe_flexion_l2,Big Toe Flexion PAILs/RAILs - L2 (Intermediate),pails_rails,PAIL/RAIL,toe,,,acute_foot_pain | recent_foot_surgery | plantar_fasciitis_flare | bunion_flare,,,unreviewed,,,
P1_verify_existing_tags,toe_pails_rails_big_toe_flexion_l3,Big Toe Flexion PAILs/RAILs - L3 (Maximal),pails_rails,PAIL/RAIL,toe,,,acute_foot_pain | recent_foot_surgery | plantar_fasciitis_flare | bunion_flare,,,unreviewed,,,
P1_verify_existing_tags,cervical_pails_rails_extension_l1,Cervical Extension PAILs/RAILs - L1 (Teaching / Sub-max),pails_rails,PAIL/RAIL,cervical,,,acute_neck_pain | radicular_symptoms | vestibular_issues | recent_cervical_injury | uncontrolled_hypertension,,,unreviewed,,,
P1_verify_existing_tags,cervical_pails_rails_extension_l2,Cervical Extension PAILs/RAILs - L2 (Intermediate),pails_rails,PAIL/RAIL,cervical,,,acute_neck_pain | radicular_symptoms | vestibular_issues | recent_cervical_injury | uncontrolled_hypertension,,,unreviewed,,,
P1_verify_existing_tags,cervical_pails_rails_extension_l3,Cervical Extension PAILs/RAILs - L3 (Maximal),pails_rails,PAIL/RAIL,cervical,,,acute_neck_pain | radicular_symptoms | vestibular_issues | recent_cervical_injury | uncontrolled_hypertension,,,unreviewed,,,
P1_verify_existing_tags,cervical_pails_rails_flexion_l1,Cervical Flexion PAILs/RAILs - L1 (Teaching / Sub-max),pails_rails,PAIL/RAIL,cervical,,,acute_neck_pain | radicular_symptoms | vestibular_issues | recent_cervical_injury | uncontrolled_hypertension,,,unreviewed,,,
P1_verify_existing_tags,cervical_pails_rails_flexion_l2,Cervical Flexion PAILs/RAILs - L2 (Intermediate),pails_rails,PAIL/RAIL,cervical,,,acute_neck_pain | radicular_symptoms | vestibular_issues | recent_cervical_injury | uncontrolled_hypertension,,,unreviewed,,,
P1_verify_existing_tags,cervical_pails_rails_flexion_l3,Cervical Flexion PAILs/RAILs - L3 (Maximal),pails_rails,PAIL/RAIL,cervical,,,acute_neck_pain | radicular_symptoms | vestibular_issues | recent_cervical_injury | uncontrolled_hypertension,,,unreviewed,,,
P1_verify_existing_tags,cervical_pails_rails_lateral_flex_l1,Cervical Lateral Flexion PAILs/RAILs - L1 (Teaching / Sub-max),pails_rails,PAIL/RAIL,cervical,,,acute_neck_pain | radicular_symptoms | vestibular_issues | recent_cervical_injury | uncontrolled_hypertension,,,unreviewed,,,
P1_verify_existing_tags,cervical_pails_rails_lateral_flex_l2,Cervical Lateral Flexion PAILs/RAILs - L2 (Intermediate),pails_rails,PAIL/RAIL,cervical,,,acute_neck_pain | radicular_symptoms | vestibular_issues | recent_cervical_injury | uncontrolled_hypertension,,,unreviewed,,,
P1_verify_existing_tags,cervical_pails_rails_lateral_flex_l3,Cervical Lateral Flexion PAILs/RAILs - L3 (Maximal),pails_rails,PAIL/RAIL,cervical,,,acute_neck_pain | radicular_symptoms | vestibular_issues | recent_cervical_injury | uncontrolled_hypertension,,,unreviewed,,,
P1_verify_existing_tags,cervical_pails_rails_rotation_l1,Cervical Rotation PAILs/RAILs - L1 (Teaching / Sub-max),pails_rails,PAIL/RAIL,cervical,,,acute_neck_pain | radicular_symptoms | vestibular_issues | recent_cervical_injury | uncontrolled_hypertension,,,unreviewed,,,
P1_verify_existing_tags,cervical_pails_rails_rotation_l2,Cervical Rotation PAILs/RAILs - L2 (Intermediate),pails_rails,PAIL/RAIL,cervical,,,acute_neck_pain | radicular_symptoms | vestibular_issues | recent_cervical_injury | uncontrolled_hypertension,,,unreviewed,,,
P1_verify_existing_tags,cervical_pails_rails_rotation_l3,Cervical Rotation PAILs/RAILs - L3 (Maximal),pails_rails,PAIL/RAIL,cervical,,,acute_neck_pain | radicular_symptoms | vestibular_issues | recent_cervical_injury | uncontrolled_hypertension,,,unreviewed,,,
P1_verify_existing_tags,hip_pails_rails_flexion_l1,Deep Hip Flexion PAILs/RAILs - L1 (Teaching / Sub-max),pails_rails,PAIL/RAIL,hip,,,acute_hip_pain | recent_hip_surgery | labral_flare | FAI_symptomatic_flare,,,unreviewed,,,
P1_verify_existing_tags,hip_pails_rails_flexion_l2,Deep Hip Flexion PAILs/RAILs - L2 (Intermediate),pails_rails,PAIL/RAIL,hip,,,acute_hip_pain | recent_hip_surgery | labral_flare | FAI_symptomatic_flare,,,unreviewed,,,
P1_verify_existing_tags,hip_pails_rails_flexion_l3,Deep Hip Flexion PAILs/RAILs - L3 (Maximal),pails_rails,PAIL/RAIL,hip,,,acute_hip_pain | recent_hip_surgery | labral_flare | FAI_symptomatic_flare,,,unreviewed,,,
P1_verify_existing_tags,elbow_pails_rails_extension_l1,Elbow Extension PAILs/RAILs - L1 (Teaching / Sub-max),pails_rails,PAIL/RAIL,elbow,,,acute_elbow_pain | recent_elbow_injury | UCL_flare,,,unreviewed,,,
P1_verify_existing_tags,elbow_pails_rails_extension_l2,Elbow Extension PAILs/RAILs - L2 (Intermediate),pails_rails,PAIL/RAIL,elbow,,,acute_elbow_pain | recent_elbow_injury | UCL_flare,,,unreviewed,,,
P1_verify_existing_tags,elbow_pails_rails_extension_l3,Elbow Extension PAILs/RAILs - L3 (Maximal),pails_rails,PAIL/RAIL,elbow,,,acute_elbow_pain | recent_elbow_injury | UCL_flare,,,unreviewed,,,
P1_verify_existing_tags,elbow_pails_rails_flexion_l1,Elbow Flexion PAILs/RAILs - L1 (Teaching / Sub-max),pails_rails,PAIL/RAIL,elbow,,,acute_elbow_pain | recent_elbow_injury | UCL_flare,,,unreviewed,,,
P1_verify_existing_tags,elbow_pails_rails_flexion_l2,Elbow Flexion PAILs/RAILs - L2 (Intermediate),pails_rails,PAIL/RAIL,elbow,,,acute_elbow_pain | recent_elbow_injury | UCL_flare,,,unreviewed,,,
P1_verify_existing_tags,elbow_pails_rails_flexion_l3,Elbow Flexion PAILs/RAILs - L3 (Maximal),pails_rails,PAIL/RAIL,elbow,,,acute_elbow_pain | recent_elbow_injury | UCL_flare,,,unreviewed,,,
P1_verify_existing_tags,elbow_pails_rails_pronation_l1,Forearm Pronation PAILs/RAILs - L1 (Teaching / Sub-max),pails_rails,PAIL/RAIL,elbow,,,acute_elbow_pain | recent_elbow_injury | UCL_flare,,,unreviewed,,,
P1_verify_existing_tags,elbow_pails_rails_pronation_l2,Forearm Pronation PAILs/RAILs - L2 (Intermediate),pails_rails,PAIL/RAIL,elbow,,,acute_elbow_pain | recent_elbow_injury | UCL_flare,,,unreviewed,,,
P1_verify_existing_tags,elbow_pails_rails_pronation_l3,Forearm Pronation PAILs/RAILs - L3 (Maximal),pails_rails,PAIL/RAIL,elbow,,,acute_elbow_pain | recent_elbow_injury | UCL_flare,,,unreviewed,,,
P1_verify_existing_tags,elbow_pails_rails_supination_l1,Forearm Supination PAILs/RAILs - L1 (Teaching / Sub-max),pails_rails,PAIL/RAIL,elbow,,,acute_elbow_pain | recent_elbow_injury | UCL_flare,,,unreviewed,,,
P1_verify_existing_tags,elbow_pails_rails_supination_l2,Forearm Supination PAILs/RAILs - L2 (Intermediate),pails_rails,PAIL/RAIL,elbow,,,acute_elbow_pain | recent_elbow_injury | UCL_flare,,,unreviewed,,,
P1_verify_existing_tags,elbow_pails_rails_supination_l3,Forearm Supination PAILs/RAILs - L3 (Maximal),pails_rails,PAIL/RAIL,elbow,,,acute_elbow_pain | recent_elbow_injury | UCL_flare,,,unreviewed,,,
P1_verify_existing_tags,hip_pails_rails_abduction_l1,Hip Abduction PAILs/RAILs - L1 (Teaching / Sub-max),pails_rails,PAIL/RAIL,hip,,,acute_hip_pain | recent_hip_surgery | labral_flare | FAI_symptomatic_flare,,,unreviewed,,,
P1_verify_existing_tags,hip_pails_rails_abduction_l2,Hip Abduction PAILs/RAILs - L2 (Intermediate),pails_rails,PAIL/RAIL,hip,,,acute_hip_pain | recent_hip_surgery | labral_flare | FAI_symptomatic_flare,,,unreviewed,,,
P1_verify_existing_tags,hip_pails_rails_abduction_l3,Hip Abduction PAILs/RAILs - L3 (Maximal),pails_rails,PAIL/RAIL,hip,,,acute_hip_pain | recent_hip_surgery | labral_flare | FAI_symptomatic_flare,,,unreviewed,,,
P1_verify_existing_tags,hip_pails_rails_adduction_l1,Hip Adduction PAILs/RAILs - L1 (Teaching / Sub-max),pails_rails,PAIL/RAIL,hip,,,acute_hip_pain | recent_hip_surgery | labral_flare | FAI_symptomatic_flare,,,unreviewed,,,
P1_verify_existing_tags,hip_pails_rails_adduction_l2,Hip Adduction PAILs/RAILs - L2 (Intermediate),pails_rails,PAIL/RAIL,hip,,,acute_hip_pain | recent_hip_surgery | labral_flare | FAI_symptomatic_flare,,,unreviewed,,,
P1_verify_existing_tags,hip_pails_rails_adduction_l3,Hip Adduction PAILs/RAILs - L3 (Maximal),pails_rails,PAIL/RAIL,hip,,,acute_hip_pain | recent_hip_surgery | labral_flare | FAI_symptomatic_flare,,,unreviewed,,,
P1_verify_existing_tags,shoulder_pails_rails_horizontal_abduction_l1,Horizontal Abduction (cross-body) PAILs/RAILs - L1 (Teaching / Sub-max),pails_rails,PAIL/RAIL,shoulder,,,acute_shoulder_pain | recent_shoulder_surgery | labral_flare | dislocation_history_acute,,,unreviewed,,,
P1_verify_existing_tags,shoulder_pails_rails_horizontal_abduction_l2,Horizontal Abduction (cross-body) PAILs/RAILs - L2 (Intermediate),pails_rails,PAIL/RAIL,shoulder,,,acute_shoulder_pain | recent_shoulder_surgery | labral_flare | dislocation_history_acute,,,unreviewed,,,
P1_verify_existing_tags,shoulder_pails_rails_horizontal_abduction_l3,Horizontal Abduction (cross-body) PAILs/RAILs - L3 (Maximal),pails_rails,PAIL/RAIL,shoulder,,,acute_shoulder_pain | recent_shoulder_surgery | labral_flare | dislocation_history_acute,,,unreviewed,,,
P1_verify_existing_tags,shoulder_pails_rails_inferior_capsule_l1,Inferior Capsule (overhead flexion) PAILs/RAILs - L1 (Teaching / Sub-max),pails_rails,PAIL/RAIL,shoulder,,,acute_shoulder_pain | recent_shoulder_surgery | labral_flare | dislocation_history_acute,,,unreviewed,,,
P1_verify_existing_tags,shoulder_pails_rails_inferior_capsule_l2,Inferior Capsule (overhead flexion) PAILs/RAILs - L2 (Intermediate),pails_rails,PAIL/RAIL,shoulder,,,acute_shoulder_pain | recent_shoulder_surgery | labral_flare | dislocation_history_acute,,,unreviewed,,,
P1_verify_existing_tags,shoulder_pails_rails_inferior_capsule_l3,Inferior Capsule (overhead flexion) PAILs/RAILs - L3 (Maximal),pails_rails,PAIL/RAIL,shoulder,,,acute_shoulder_pain | recent_shoulder_surgery | labral_flare | dislocation_history_acute,,,unreviewed,,,
P1_verify_existing_tags,knee_pails_rails_extension_l1,Knee Extension PAILs/RAILs - L1 (Teaching / Sub-max),pails_rails,PAIL/RAIL,knee,,,acute_knee_pain | recent_knee_surgery | meniscus_flare | patellofemoral_pain_flare | ACL_reconstruction_early,,,unreviewed,,,
P1_verify_existing_tags,knee_pails_rails_extension_l2,Knee Extension PAILs/RAILs - L2 (Intermediate),pails_rails,PAIL/RAIL,knee,,,acute_knee_pain | recent_knee_surgery | meniscus_flare | patellofemoral_pain_flare | ACL_reconstruction_early,,,unreviewed,,,
P1_verify_existing_tags,knee_pails_rails_extension_l3,Knee Extension PAILs/RAILs - L3 (Maximal),pails_rails,PAIL/RAIL,knee,,,acute_knee_pain | recent_knee_surgery | meniscus_flare | patellofemoral_pain_flare | ACL_reconstruction_early,,,unreviewed,,,
P1_verify_existing_tags,knee_pails_rails_flexion_l1,Knee Flexion PAILs/RAILs - L1 (Teaching / Sub-max),pails_rails,PAIL/RAIL,knee,,,acute_knee_pain | recent_knee_surgery | meniscus_flare | patellofemoral_pain_flare | ACL_reconstruction_early,,,unreviewed,,,
P1_verify_existing_tags,knee_pails_rails_flexion_l2,Knee Flexion PAILs/RAILs - L2 (Intermediate),pails_rails,PAIL/RAIL,knee,,,acute_knee_pain | recent_knee_surgery | meniscus_flare | patellofemoral_pain_flare | ACL_reconstruction_early,,,unreviewed,,,
P1_verify_existing_tags,knee_pails_rails_flexion_l3,Knee Flexion PAILs/RAILs - L3 (Maximal),pails_rails,PAIL/RAIL,knee,,,acute_knee_pain | recent_knee_surgery | meniscus_flare | patellofemoral_pain_flare | ACL_reconstruction_early,,,unreviewed,,,
P1_verify_existing_tags,toe_pails_rails_toe_extension_l1,Lateral Toes Extension PAILs/RAILs - L1 (Teaching / Sub-max),pails_rails,PAIL/RAIL,toe,,,acute_foot_pain | recent_foot_surgery | plantar_fasciitis_flare | bunion_flare,,,unreviewed,,,
P1_verify_existing_tags,toe_pails_rails_toe_extension_l2,Lateral Toes Extension PAILs/RAILs - L2 (Intermediate),pails_rails,PAIL/RAIL,toe,,,acute_foot_pain | recent_foot_surgery | plantar_fasciitis_flare | bunion_flare,,,unreviewed,,,
P1_verify_existing_tags,toe_pails_rails_toe_extension_l3,Lateral Toes Extension PAILs/RAILs - L3 (Maximal),pails_rails,PAIL/RAIL,toe,,,acute_foot_pain | recent_foot_surgery | plantar_fasciitis_flare | bunion_flare,,,unreviewed,,,
P1_verify_existing_tags,lumbar_pails_rails_extension_l1,Lumbar Extension PAILs/RAILs - L1 (Teaching / Sub-max),pails_rails,PAIL/RAIL,lumbar,,,acute_low_back_pain | disc_herniation_flare | spondylolisthesis_symptomatic | pregnancy_2nd_3rd_trimester,,,unreviewed,,,
P1_verify_existing_tags,lumbar_pails_rails_extension_l2,Lumbar Extension PAILs/RAILs - L2 (Intermediate),pails_rails,PAIL/RAIL,lumbar,,,acute_low_back_pain | disc_herniation_flare | spondylolisthesis_symptomatic | pregnancy_2nd_3rd_trimester,,,unreviewed,,,
P1_verify_existing_tags,lumbar_pails_rails_extension_l3,Lumbar Extension PAILs/RAILs - L3 (Maximal),pails_rails,PAIL/RAIL,lumbar,,,acute_low_back_pain | disc_herniation_flare | spondylolisthesis_symptomatic | pregnancy_2nd_3rd_trimester,,,unreviewed,,,
P1_verify_existing_tags,lumbar_pails_rails_flexion_l1,Lumbar Flexion PAILs/RAILs - L1 (Teaching / Sub-max),pails_rails,PAIL/RAIL,lumbar,,,acute_low_back_pain | disc_herniation_flare | spondylolisthesis_symptomatic | pregnancy_2nd_3rd_trimester,,,unreviewed,,,
P1_verify_existing_tags,lumbar_pails_rails_flexion_l2,Lumbar Flexion PAILs/RAILs - L2 (Intermediate),pails_rails,PAIL/RAIL,lumbar,,,acute_low_back_pain | disc_herniation_flare | spondylolisthesis_symptomatic | pregnancy_2nd_3rd_trimester,,,unreviewed,,,
P1_verify_existing_tags,lumbar_pails_rails_flexion_l3,Lumbar Flexion PAILs/RAILs - L3 (Maximal),pails_rails,PAIL/RAIL,lumbar,,,acute_low_back_pain | disc_herniation_flare | spondylolisthesis_symptomatic | pregnancy_2nd_3rd_trimester,,,unreviewed,,,
P1_verify_existing_tags,lumbar_pails_rails_rotation_l1,Lumbar/QL Rotation PAILs/RAILs - L1 (Teaching / Sub-max),pails_rails,PAIL/RAIL,lumbar,,,acute_low_back_pain | disc_herniation_flare | spondylolisthesis_symptomatic | pregnancy_2nd_3rd_trimester,,,unreviewed,,,
P1_verify_existing_tags,lumbar_pails_rails_rotation_l2,Lumbar/QL Rotation PAILs/RAILs - L2 (Intermediate),pails_rails,PAIL/RAIL,lumbar,,,acute_low_back_pain | disc_herniation_flare | spondylolisthesis_symptomatic | pregnancy_2nd_3rd_trimester,,,unreviewed,,,
P1_verify_existing_tags,lumbar_pails_rails_rotation_l3,Lumbar/QL Rotation PAILs/RAILs - L3 (Maximal),pails_rails,PAIL/RAIL,lumbar,,,acute_low_back_pain | disc_herniation_flare | spondylolisthesis_symptomatic | pregnancy_2nd_3rd_trimester,,,unreviewed,,,
P1_verify_existing_tags,hip_pails_rails_posterior_capsule_ir_l1,Posterior Capsule (IR in flexion) - 90/90 IR PAILs/RAILs - L1 (Teaching / Sub-max),pails_rails,PAIL/RAIL,hip,,,acute_hip_pain | recent_hip_surgery | labral_flare | FAI_symptomatic_flare,,,unreviewed,,,
P1_verify_existing_tags,hip_pails_rails_posterior_capsule_ir_l2,Posterior Capsule (IR in flexion) - 90/90 IR PAILs/RAILs - L2 (Intermediate),pails_rails,PAIL/RAIL,hip,,,acute_hip_pain | recent_hip_surgery | labral_flare | FAI_symptomatic_flare,,,unreviewed,,,
P1_verify_existing_tags,hip_pails_rails_posterior_capsule_ir_l3,Posterior Capsule (IR in flexion) - 90/90 IR PAILs/RAILs - L3 (Maximal),pails_rails,PAIL/RAIL,hip,,,acute_hip_pain | recent_hip_surgery | labral_flare | FAI_symptomatic_flare,,,unreviewed,,,
P1_verify_existing_tags,shoulder_pails_rails_posterior_capsule_l1,Posterior Capsule (IR in flexion) PAILs/RAILs - L1 (Teaching / Sub-max),pails_rails,PAIL/RAIL,shoulder,,,acute_shoulder_pain | recent_shoulder_surgery | labral_flare | dislocation_history_acute,,,unreviewed,,,
P1_verify_existing_tags,shoulder_pails_rails_posterior_capsule_l2,Posterior Capsule (IR in flexion) PAILs/RAILs - L2 (Intermediate),pails_rails,PAIL/RAIL,shoulder,,,acute_shoulder_pain | recent_shoulder_surgery | labral_flare | dislocation_history_acute,,,unreviewed,,,
P1_verify_existing_tags,shoulder_pails_rails_posterior_capsule_l3,Posterior Capsule (IR in flexion) PAILs/RAILs - L3 (Maximal),pails_rails,PAIL/RAIL,shoulder,,,acute_shoulder_pain | recent_shoulder_surgery | labral_flare | dislocation_history_acute,,,unreviewed,,,
P1_verify_existing_tags,wrist_pails_rails_radial_deviation_l1,Radial Deviation PAILs/RAILs - L1 (Teaching / Sub-max),pails_rails,PAIL/RAIL,wrist,,,acute_wrist_pain | carpal_tunnel_flare | recent_wrist_injury | TFCC_flare,,,unreviewed,,,
P1_verify_existing_tags,wrist_pails_rails_radial_deviation_l2,Radial Deviation PAILs/RAILs - L2 (Intermediate),pails_rails,PAIL/RAIL,wrist,,,acute_wrist_pain | carpal_tunnel_flare | recent_wrist_injury | TFCC_flare,,,unreviewed,,,
P1_verify_existing_tags,wrist_pails_rails_radial_deviation_l3,Radial Deviation PAILs/RAILs - L3 (Maximal),pails_rails,PAIL/RAIL,wrist,,,acute_wrist_pain | carpal_tunnel_flare | recent_wrist_injury | TFCC_flare,,,unreviewed,,,
P1_verify_existing_tags,scapular_pails_rails_downward_rotation_l1,Scapular Downward Rotation PAILs/RAILs - L1 (Teaching / Sub-max),pails_rails,PAIL/RAIL,scapular,,,acute_neck_pain | acute_shoulder_pain | scapular_winging_severe,,,unreviewed,,,
P1_verify_existing_tags,scapular_pails_rails_downward_rotation_l2,Scapular Downward Rotation PAILs/RAILs - L2 (Intermediate),pails_rails,PAIL/RAIL,scapular,,,acute_neck_pain | acute_shoulder_pain | scapular_winging_severe,,,unreviewed,,,
P1_verify_existing_tags,scapular_pails_rails_downward_rotation_l3,Scapular Downward Rotation PAILs/RAILs - L3 (Maximal),pails_rails,PAIL/RAIL,scapular,,,acute_neck_pain | acute_shoulder_pain | scapular_winging_severe,,,unreviewed,,,
P1_verify_existing_tags,scapular_pails_rails_protraction_l1,Scapular Protraction PAILs/RAILs - L1 (Teaching / Sub-max),pails_rails,PAIL/RAIL,scapular,,,acute_neck_pain | acute_shoulder_pain | scapular_winging_severe,,,unreviewed,,,
P1_verify_existing_tags,scapular_pails_rails_protraction_l2,Scapular Protraction PAILs/RAILs - L2 (Intermediate),pails_rails,PAIL/RAIL,scapular,,,acute_neck_pain | acute_shoulder_pain | scapular_winging_severe,,,unreviewed,,,
P1_verify_existing_tags,scapular_pails_rails_protraction_l3,Scapular Protraction PAILs/RAILs - L3 (Maximal),pails_rails,PAIL/RAIL,scapular,,,acute_neck_pain | acute_shoulder_pain | scapular_winging_severe,,,unreviewed,,,
P1_verify_existing_tags,scapular_pails_rails_retraction_l1,Scapular Retraction PAILs/RAILs - L1 (Teaching / Sub-max),pails_rails,PAIL/RAIL,scapular,,,acute_neck_pain | acute_shoulder_pain | scapular_winging_severe,,,unreviewed,,,
P1_verify_existing_tags,scapular_pails_rails_retraction_l2,Scapular Retraction PAILs/RAILs - L2 (Intermediate),pails_rails,PAIL/RAIL,scapular,,,acute_neck_pain | acute_shoulder_pain | scapular_winging_severe,,,unreviewed,,,
P1_verify_existing_tags,scapular_pails_rails_retraction_l3,Scapular Retraction PAILs/RAILs - L3 (Maximal),pails_rails,PAIL/RAIL,scapular,,,acute_neck_pain | acute_shoulder_pain | scapular_winging_severe,,,unreviewed,,,
P1_verify_existing_tags,scapular_pails_rails_upward_rotation_l1,Scapular Upward Rotation PAILs/RAILs - L1 (Teaching / Sub-max),pails_rails,PAIL/RAIL,scapular,,,acute_neck_pain | acute_shoulder_pain | scapular_winging_severe,,,unreviewed,,,
P1_verify_existing_tags,scapular_pails_rails_upward_rotation_l2,Scapular Upward Rotation PAILs/RAILs - L2 (Intermediate),pails_rails,PAIL/RAIL,scapular,,,acute_neck_pain | acute_shoulder_pain | scapular_winging_severe,,,unreviewed,,,
P1_verify_existing_tags,scapular_pails_rails_upward_rotation_l3,Scapular Upward Rotation PAILs/RAILs - L3 (Maximal),pails_rails,PAIL/RAIL,scapular,,,acute_neck_pain | acute_shoulder_pain | scapular_winging_severe,,,unreviewed,,,
P1_verify_existing_tags,shoulder_pails_rails_extension_l1,Shoulder Extension PAILs/RAILs - L1 (Teaching / Sub-max),pails_rails,PAIL/RAIL,shoulder,,,acute_shoulder_pain | recent_shoulder_surgery | labral_flare | dislocation_history_acute,,,unreviewed,,,
P1_verify_existing_tags,shoulder_pails_rails_extension_l2,Shoulder Extension PAILs/RAILs - L2 (Intermediate),pails_rails,PAIL/RAIL,shoulder,,,acute_shoulder_pain | recent_shoulder_surgery | labral_flare | dislocation_history_acute,,,unreviewed,,,
P1_verify_existing_tags,shoulder_pails_rails_extension_l3,Shoulder Extension PAILs/RAILs - L3 (Maximal),pails_rails,PAIL/RAIL,shoulder,,,acute_shoulder_pain | recent_shoulder_surgery | labral_flare | dislocation_history_acute,,,unreviewed,,,
P1_verify_existing_tags,thoracic_pails_rails_extension_l1,T-Spine Extension PAILs/RAILs - L1 (Teaching / Sub-max),pails_rails,PAIL/RAIL,thoracic,,,acute_thoracic_pain | rib_injury | post_surgical_chest | recent_fracture,,,unreviewed,,,
P1_verify_existing_tags,thoracic_pails_rails_extension_l2,T-Spine Extension PAILs/RAILs - L2 (Intermediate),pails_rails,PAIL/RAIL,thoracic,,,acute_thoracic_pain | rib_injury | post_surgical_chest | recent_fracture,,,unreviewed,,,
P1_verify_existing_tags,thoracic_pails_rails_extension_l3,T-Spine Extension PAILs/RAILs - L3 (Maximal),pails_rails,PAIL/RAIL,thoracic,,,acute_thoracic_pain | rib_injury | post_surgical_chest | recent_fracture,,,unreviewed,,,
P1_verify_existing_tags,thoracic_pails_rails_flexion_l1,T-Spine Flexion PAILs/RAILs - L1 (Teaching / Sub-max),pails_rails,PAIL/RAIL,thoracic,,,acute_thoracic_pain | rib_injury | post_surgical_chest | recent_fracture,,,unreviewed,,,
P1_verify_existing_tags,thoracic_pails_rails_flexion_l2,T-Spine Flexion PAILs/RAILs - L2 (Intermediate),pails_rails,PAIL/RAIL,thoracic,,,acute_thoracic_pain | rib_injury | post_surgical_chest | recent_fracture,,,unreviewed,,,
P1_verify_existing_tags,thoracic_pails_rails_flexion_l3,T-Spine Flexion PAILs/RAILs - L3 (Maximal),pails_rails,PAIL/RAIL,thoracic,,,acute_thoracic_pain | rib_injury | post_surgical_chest | recent_fracture,,,unreviewed,,,
P1_verify_existing_tags,thoracic_pails_rails_rotation_l1,T-Spine Rotation PAILs/RAILs - L1 (Teaching / Sub-max),pails_rails,PAIL/RAIL,thoracic,,,acute_thoracic_pain | rib_injury | post_surgical_chest | recent_fracture,,,unreviewed,,,
P1_verify_existing_tags,thoracic_pails_rails_rotation_l2,T-Spine Rotation PAILs/RAILs - L2 (Intermediate),pails_rails,PAIL/RAIL,thoracic,,,acute_thoracic_pain | rib_injury | post_surgical_chest | recent_fracture,,,unreviewed,,,
P1_verify_existing_tags,thoracic_pails_rails_rotation_l3,T-Spine Rotation PAILs/RAILs - L3 (Maximal),pails_rails,PAIL/RAIL,thoracic,,,acute_thoracic_pain | rib_injury | post_surgical_chest | recent_fracture,,,unreviewed,,,
P1_verify_existing_tags,knee_pails_rails_tibial_er_l1,Tibial External Rotation PAILs/RAILs - L1 (Teaching / Sub-max),pails_rails,PAIL/RAIL,knee,,,acute_knee_pain | recent_knee_surgery | meniscus_flare | patellofemoral_pain_flare | ACL_reconstruction_early,,,unreviewed,,,
P1_verify_existing_tags,knee_pails_rails_tibial_er_l2,Tibial External Rotation PAILs/RAILs - L2 (Intermediate),pails_rails,PAIL/RAIL,knee,,,acute_knee_pain | recent_knee_surgery | meniscus_flare | patellofemoral_pain_flare | ACL_reconstruction_early,,,unreviewed,,,
P1_verify_existing_tags,knee_pails_rails_tibial_er_l3,Tibial External Rotation PAILs/RAILs - L3 (Maximal),pails_rails,PAIL/RAIL,knee,,,acute_knee_pain | recent_knee_surgery | meniscus_flare | patellofemoral_pain_flare | ACL_reconstruction_early,,,unreviewed,,,
P1_verify_existing_tags,knee_pails_rails_tibial_ir_l1,Tibial Internal Rotation PAILs/RAILs - L1 (Teaching / Sub-max),pails_rails,PAIL/RAIL,knee,,,acute_knee_pain | recent_knee_surgery | meniscus_flare | patellofemoral_pain_flare | ACL_reconstruction_early,,,unreviewed,,,
P1_verify_existing_tags,knee_pails_rails_tibial_ir_l2,Tibial Internal Rotation PAILs/RAILs - L2 (Intermediate),pails_rails,PAIL/RAIL,knee,,,acute_knee_pain | recent_knee_surgery | meniscus_flare | patellofemoral_pain_flare | ACL_reconstruction_early,,,unreviewed,,,
P1_verify_existing_tags,knee_pails_rails_tibial_ir_l3,Tibial Internal Rotation PAILs/RAILs - L3 (Maximal),pails_rails,PAIL/RAIL,knee,,,acute_knee_pain | recent_knee_surgery | meniscus_flare | patellofemoral_pain_flare | ACL_reconstruction_early,,,unreviewed,,,
P1_verify_existing_tags,wrist_pails_rails_ulnar_deviation_l1,Ulnar Deviation PAILs/RAILs - L1 (Teaching / Sub-max),pails_rails,PAIL/RAIL,wrist,,,acute_wrist_pain | carpal_tunnel_flare | recent_wrist_injury | TFCC_flare,,,unreviewed,,,
P1_verify_existing_tags,wrist_pails_rails_ulnar_deviation_l2,Ulnar Deviation PAILs/RAILs - L2 (Intermediate),pails_rails,PAIL/RAIL,wrist,,,acute_wrist_pain | carpal_tunnel_flare | recent_wrist_injury | TFCC_flare,,,unreviewed,,,
P1_verify_existing_tags,wrist_pails_rails_ulnar_deviation_l3,Ulnar Deviation PAILs/RAILs - L3 (Maximal),pails_rails,PAIL/RAIL,wrist,,,acute_wrist_pain | carpal_tunnel_flare | recent_wrist_injury | TFCC_flare,,,unreviewed,,,
P1_verify_existing_tags,wrist_pails_rails_extension_l1,Wrist Extension PAILs/RAILs - L1 (Teaching / Sub-max),pails_rails,PAIL/RAIL,wrist,,,acute_wrist_pain | carpal_tunnel_flare | recent_wrist_injury | TFCC_flare,,,unreviewed,,,
P1_verify_existing_tags,wrist_pails_rails_extension_l2,Wrist Extension PAILs/RAILs - L2 (Intermediate),pails_rails,PAIL/RAIL,wrist,,,acute_wrist_pain | carpal_tunnel_flare | recent_wrist_injury | TFCC_flare,,,unreviewed,,,
P1_verify_existing_tags,wrist_pails_rails_extension_l3,Wrist Extension PAILs/RAILs - L3 (Maximal),pails_rails,PAIL/RAIL,wrist,,,acute_wrist_pain | carpal_tunnel_flare | recent_wrist_injury | TFCC_flare,,,unreviewed,,,
P1_verify_existing_tags,wrist_pails_rails_flexion_l1,Wrist Flexion PAILs/RAILs - L1 (Teaching / Sub-max),pails_rails,PAIL/RAIL,wrist,,,acute_wrist_pain | carpal_tunnel_flare | recent_wrist_injury | TFCC_flare,,,unreviewed,,,
P1_verify_existing_tags,wrist_pails_rails_flexion_l2,Wrist Flexion PAILs/RAILs - L2 (Intermediate),pails_rails,PAIL/RAIL,wrist,,,acute_wrist_pain | carpal_tunnel_flare | recent_wrist_injury | TFCC_flare,,,unreviewed,,,
P1_verify_existing_tags,wrist_pails_rails_flexion_l3,Wrist Flexion PAILs/RAILs - L3 (Maximal),pails_rails,PAIL/RAIL,wrist,,,acute_wrist_pain | carpal_tunnel_flare | recent_wrist_injury | TFCC_flare,,,unreviewed,,,
